insert into public.goals (
  goal_key,
  title_uk,
  title_en,
  description_uk,
  description_en,
  icon_key,
  sort_order
)
values
  ('hydration_support', 'Підтримка гідратації', 'Hydration support', 'М’який акцент на воді, aloe-first звичках та щоденному ритмі.', 'A gentle focus on hydration, aloe-first habits, and a steady daily rhythm.', 'water_drop', 1),
  ('daily_wellness_routine', 'Щоденний wellness-ритм', 'Daily wellness routine', 'Простий план дня без перевантаження та складних правил.', 'A simple daily rhythm without overload or rigid rules.', 'sunny', 2),
  ('energy_support', 'Підтримка енергії', 'Energy support', 'Ритм дня, відновлення та більш стабільна бадьорість.', 'A structured day, recovery, and steadier energy.', 'bolt', 3),
  ('beauty_skin_support', 'Краса та wellness шкіри', 'Beauty and skin wellness', 'Hydration, сон та aloe-inspired догляд як частина цілісної рутини.', 'Hydration, sleep, and aloe-inspired care as part of a balanced routine.', 'spa', 4),
  ('healthy_routine_support', 'Підтримка здорової рутини', 'Healthy routine support', 'Комфортний темп, базові звички та простий щоденний порядок.', 'A comfortable pace, core habits, and a simple daily structure.', 'check_circle', 5),
  ('consistency_self_care', 'Послідовність і self-care', 'Consistency and self-care', 'М’яка дисципліна, відновлення та турбота про себе без жорсткого тиску.', 'Gentle consistency, recovery, and self-care without harsh pressure.', 'self_improvement', 6)
on conflict (goal_key) do update
set
  title_uk = excluded.title_uk,
  title_en = excluded.title_en,
  description_uk = excluded.description_uk,
  description_en = excluded.description_en,
  icon_key = excluded.icon_key,
  sort_order = excluded.sort_order;

-- Synchronize the managed product catalog with the live Aloe Hub Ukrainian storefront snapshot.
delete from public.product_tag_links where product_id = any(ARRAY['storefront-2','storefront-4','storefront-5','aloe-lips','forever-bee-pollen','forever-bee-propolis','forever-bright-toothgel','storefront-28s','forever-royal-jelly','nature-min','aloe-first','forever-absorbent-c','aloe-propolis-creme','aloe-vera-gelly','aloe-moisturizing-lotion','aloe-heat-lotion','forever-garlic-thyme','aloe-ever-shield-deodorant-stick','storefront-68','gentlemans-pride','forever-garcinia-plus','storefront-72','storefront-1572','storefront-1575','storefront-1577','storefront-1585','forever-b12-plus','aloe-blossom-herbal-tea','aloe-msm-gel','forever-calcium','forever-bee-honey','forever-multi-maca','forever-aloe-scrub','forever-active-ha','avocado-face-body-soap','forever-lean','cardio-health','forever-kids','forever-immublend','vitolize-men','vitolize-women','forever-arctic-sea','forever-daily','storefront-456','storefront-457','storefront-458','storefront-459','storefront-463','storefront-464','forever-lite-ultra-vanilla','forever-lite-ultra-chocolate','forever-argi-plus','storefront-475','storefront-476','storefront-520','storefront-551','storefront-553','storefront-554','storefront-555','storefront-556','storefront-558','storefront-559','forever-alluring-eyes','storefront-564','storefront-566','forever-active-probiotic','aloe-activator','storefront-613','storefront-618','storefront-622','forever-vision','storefront-625','aloe-liquid-soap','aloe-jojoba-shampoo','aloe-jojoba-conditioning-rinse','storefront-642','storefront-643','storefront-644','storefront-645','storefront-646','storefront-647','storefront-650','aloe-deep-moisturizing-cream','mask-powder','storefront-653','storefront-656','storefront-659','storefront-664','storefront-665','storefront-667','storefront-668','storefront-669','storefront-672','storefront-673','storefront-676','storefront-67610','storefront-677','aloe-vera-gel','storefront-8154','storefront-821','storefront-822','storefront-8234','aloe-berry-nectar','storefront-8344','storefront-836','storefront-8364','aloe-bits-n-peaches','storefront-8774']::text[]);
delete from public.products where id <> all(ARRAY['storefront-2','storefront-4','storefront-5','aloe-lips','forever-bee-pollen','forever-bee-propolis','forever-bright-toothgel','storefront-28s','forever-royal-jelly','nature-min','aloe-first','forever-absorbent-c','aloe-propolis-creme','aloe-vera-gelly','aloe-moisturizing-lotion','aloe-heat-lotion','forever-garlic-thyme','aloe-ever-shield-deodorant-stick','storefront-68','gentlemans-pride','forever-garcinia-plus','storefront-72','storefront-1572','storefront-1575','storefront-1577','storefront-1585','forever-b12-plus','aloe-blossom-herbal-tea','aloe-msm-gel','forever-calcium','forever-bee-honey','forever-multi-maca','forever-aloe-scrub','forever-active-ha','avocado-face-body-soap','forever-lean','cardio-health','forever-kids','forever-immublend','vitolize-men','vitolize-women','forever-arctic-sea','forever-daily','storefront-456','storefront-457','storefront-458','storefront-459','storefront-463','storefront-464','forever-lite-ultra-vanilla','forever-lite-ultra-chocolate','forever-argi-plus','storefront-475','storefront-476','storefront-520','storefront-551','storefront-553','storefront-554','storefront-555','storefront-556','storefront-558','storefront-559','forever-alluring-eyes','storefront-564','storefront-566','forever-active-probiotic','aloe-activator','storefront-613','storefront-618','storefront-622','forever-vision','storefront-625','aloe-liquid-soap','aloe-jojoba-shampoo','aloe-jojoba-conditioning-rinse','storefront-642','storefront-643','storefront-644','storefront-645','storefront-646','storefront-647','storefront-650','aloe-deep-moisturizing-cream','mask-powder','storefront-653','storefront-656','storefront-659','storefront-664','storefront-665','storefront-667','storefront-668','storefront-669','storefront-672','storefront-673','storefront-676','storefront-67610','storefront-677','aloe-vera-gel','storefront-8154','storefront-821','storefront-822','storefront-8234','aloe-berry-nectar','storefront-8344','storefront-836','storefront-8364','aloe-bits-n-peaches','storefront-8774']::text[]);
delete from public.product_categories where id <> all(ARRAY['aloe_drinks','bee_products','combo_packs','supplements','skincare','personal_care','body_care','hair_care','fragrances']::text[]);
delete from public.product_tags where slug <> all(ARRAY['hydration','aloe','daily-routine','nutrition','energy','focus','healthy-routine','balance','beauty','skin','bee','combo','self-care']::text[]);

insert into public.product_categories (
  id,
  title_uk,
  title_en,
  subtitle_uk,
  subtitle_en,
  icon_key,
  sort_order
)
values
  ('aloe_drinks', 'Напої з Aloe', 'Aloe drinks', 'Aloe-гель, функціональні напої та travel-формати для щоденного ритму.', 'Aloe gels, functional drinks, and portable formats for a steady routine.', 'water_drop', 1),
  ('bee_products', 'Bee-продукти', 'Bee products', 'Мед, пилок, прополіс і маточне молочко для загальної wellness-рутини.', 'Honey, pollen, propolis, and royal jelly for a general wellness routine.', 'hive', 2),
  ('combo_packs', 'Набори та програми', 'Combo packs', 'Комбо-набори, програми та стартові рішення з Aloe Hub каталогу.', 'Combo packs, programs, and starter solutions from the Aloe Hub catalog.', 'pack', 3),
  ('supplements', 'Харчові добавки', 'Supplements', 'Daily wellness-support формати для харчування, енергії та послідовності.', 'Daily wellness-support formats for nutrition, energy, and consistency.', 'nutrition', 4),
  ('skincare', 'Догляд за шкірою', 'Skincare', 'Aloe-first креми, сироватки, тонери та спеціалізований догляд.', 'Aloe-first creams, serums, toners, and targeted care.', 'spa', 5),
  ('personal_care', 'Особиста гігієна', 'Personal care', 'Щоденні продукти для чистоти, свіжості та комфортної self-care рутини.', 'Daily essentials for freshness, hygiene, and self-care.', 'self_improvement', 6),
  ('body_care', 'Догляд за тілом', 'Body care', 'Body-care продукти для душу, тонусу та м’якого відчуття комфорту.', 'Body-care products for shower rituals, toning, and comfort.', 'body', 7),
  ('hair_care', 'Догляд за волоссям', 'Hair care', 'Шампуні та кондиціонери для щоденного догляду за волоссям.', 'Shampoos and conditioners for everyday hair care.', 'hair', 8),
  ('fragrances', 'Аромати', 'Fragrances', 'Легкі жіночі та чоловічі аромати для завершення образу.', 'Light feminine and masculine fragrances for the finishing touch.', 'fragrance', 9)
on conflict (id) do update
set
  title_uk = excluded.title_uk,
  title_en = excluded.title_en,
  subtitle_uk = excluded.subtitle_uk,
  subtitle_en = excluded.subtitle_en,
  icon_key = excluded.icon_key,
  sort_order = excluded.sort_order;

insert into public.product_tags (slug, label_uk)
values
  ('hydration', 'Гідратація'),
  ('aloe', 'Aloe'),
  ('daily-routine', 'Щоденний ритм'),
  ('nutrition', 'Харчування'),
  ('energy', 'Енергія'),
  ('focus', 'Фокус'),
  ('healthy-routine', 'Здорова рутина'),
  ('balance', 'Баланс'),
  ('beauty', 'Краса'),
  ('skin', 'Шкіра'),
  ('bee', 'Bee-продукти'),
  ('combo', 'Набір'),
  ('self-care', 'Self-care')
on conflict (slug) do update
set label_uk = excluded.label_uk;

insert into public.products (
  id,
  category_id,
  title_uk,
  title_en,
  short_description_uk,
  short_description_en,
  usage_notes_uk,
  usage_notes_en,
  caution_notes_uk,
  caution_notes_en,
  image_token,
  external_product_url,
  highlight_uk,
  highlight_en,
  is_featured,
  wellness_tags
)
values
  ('storefront-2', 'combo_packs', 'Фаворит', null, 'Фаворит як готовий wellness-набір для структурованого старту або перезапуску рутини.', null, 'Обирайте як структурований wellness-формат для старту або перезапуску щоденної рутини без медичних очікувань.', null, 'Набори поєднують кілька wellness-продуктів. Перевіряйте склад кожної позиції та обирайте формат, який підходить саме вам.', null, 'pack', 'https://aloe-hub.flpuretail.com/uk/catalog/product/121/', 'SKU 002 • Готовий набір для структурованої рутини', 'SKU 002', true, ARRAY['combo','daily-routine','self-care']::text[]),
  ('storefront-4', 'combo_packs', 'Свобода руху', null, 'Свобода руху як готовий wellness-набір для структурованого старту або перезапуску рутини.', null, 'Обирайте як структурований wellness-формат для старту або перезапуску щоденної рутини без медичних очікувань.', null, 'Набори поєднують кілька wellness-продуктів. Перевіряйте склад кожної позиції та обирайте формат, який підходить саме вам.', null, 'pack', 'https://aloe-hub.flpuretail.com/uk/catalog/product/122/', 'SKU 004 • Готовий набір для структурованої рутини', 'SKU 004', true, ARRAY['combo','daily-routine','self-care']::text[]),
  ('storefront-5', 'combo_packs', 'Кардіо здоров''я', null, 'Кардіо здоров''я як готовий wellness-набір для структурованого старту або перезапуску рутини.', null, 'Обирайте як структурований wellness-формат для старту або перезапуску щоденної рутини без медичних очікувань.', null, 'Набори поєднують кілька wellness-продуктів. Перевіряйте склад кожної позиції та обирайте формат, який підходить саме вам.', null, 'pack', 'https://aloe-hub.flpuretail.com/uk/catalog/product/123/', 'SKU 005 • Готовий набір для структурованої рутини', 'SKU 005', true, ARRAY['combo','daily-routine','self-care']::text[]),
  ('aloe-lips', 'personal_care', 'Гігієнічна Помада Алое Ліпс', 'Aloe Lips', 'Гігієнічна Помада Алое Ліпс для стабільного щоденного ритуалу особистої гігієни.', null, 'Використовуйте у щоденній ранковій або вечірній рутині догляду за собою.', null, 'Використовуйте за інструкцією виробника. У разі подразнення припиніть використання та зверніться до фахівця.', null, 'smile', 'https://aloe-hub.flpuretail.com/uk/catalog/product/126/', 'SKU 022 • Основа щоденної гігієни', 'SKU 022', true, ARRAY['self-care','daily-routine','beauty']::text[]),
  ('forever-bee-pollen', 'bee_products', 'Форевер Бджолиний пилок', 'Forever Bee Pollen', 'Форевер Бджолиний пилок як частина загальної wellness-рутини без медичних обіцянок.', null, 'Додавайте до загальної wellness-рутини поступово та з урахуванням персональної переносимості інгредієнтів.', null, 'Містить або може містити компоненти бджільництва. Якщо є чутливість або алергії, потрібна додаткова обережність.', null, 'bee', 'https://aloe-hub.flpuretail.com/uk/catalog/product/226/', 'SKU 026 • Bee-підтримка щоденного ритму', 'SKU 026', false, ARRAY['bee','energy','nutrition']::text[]),
  ('forever-bee-propolis', 'bee_products', 'Форевер Бджолиний прополіс', 'Forever Bee Propolis', 'Форевер Бджолиний прополіс як частина загальної wellness-рутини без медичних обіцянок.', null, 'Додавайте до загальної wellness-рутини поступово та з урахуванням персональної переносимості інгредієнтів.', null, 'Містить або може містити компоненти бджільництва. Якщо є чутливість або алергії, потрібна додаткова обережність.', null, 'propolis', 'https://aloe-hub.flpuretail.com/uk/catalog/product/128/', 'SKU 027 • Bee-підтримка щоденного ритму', 'SKU 027', false, ARRAY['bee','balance','daily-routine']::text[]),
  ('forever-bright-toothgel', 'personal_care', 'Зубна Паста Форевер Брайт', 'Forever Bright Toothgel', 'Зубна Паста Форевер Брайт для стабільного щоденного ритуалу особистої гігієни.', null, 'Використовуйте у щоденній ранковій або вечірній рутині догляду за собою.', null, 'Використовуйте за інструкцією виробника. У разі подразнення припиніть використання та зверніться до фахівця.', null, 'smile', 'https://aloe-hub.flpuretail.com/uk/catalog/product/129/', 'SKU 028 • Щоденна oral-care рутина', 'SKU 028', true, ARRAY['self-care','daily-routine','beauty']::text[]),
  ('storefront-28s', 'personal_care', 'Промо Зубна паста (2=3)', null, 'Промо Зубна паста (2=3) для стабільного щоденного ритуалу особистої гігієни.', null, 'Використовуйте у щоденній ранковій або вечірній рутині догляду за собою.', null, 'Використовуйте за інструкцією виробника. У разі подразнення припиніть використання та зверніться до фахівця.', null, 'smile', 'https://aloe-hub.flpuretail.com/uk/catalog/product/300/', 'SKU 028S • Основа щоденної гігієни', 'SKU 028S', false, ARRAY['self-care','daily-routine','beauty']::text[]),
  ('forever-royal-jelly', 'bee_products', 'Форевер Бджолине молочко', 'Forever Royal Jelly', 'Форевер Бджолине молочко як частина загальної wellness-рутини без медичних обіцянок.', null, 'Додавайте до загальної wellness-рутини поступово та з урахуванням персональної переносимості інгредієнтів.', null, 'Містить або може містити компоненти бджільництва. Якщо є чутливість або алергії, потрібна додаткова обережність.', null, 'bee', 'https://aloe-hub.flpuretail.com/uk/catalog/product/132/', 'SKU 036 • Bee-підтримка щоденного ритму', 'SKU 036', false, ARRAY['bee','energy','balance']::text[]),
  ('nature-min', 'supplements', 'Форевер Натур-мін', 'Nature-Min', 'Форевер Натур-мін для щоденної nutrient-focused wellness-підтримки та структурованого ритму.', null, 'Розглядайте як доповнення до харчування, сну, руху та базових щоденних звичок.', null, 'Не замінює індивідуальний план харчування або професійну медичну консультацію. Перевіряйте склад перед використанням.', null, 'shake', 'https://aloe-hub.flpuretail.com/uk/catalog/product/133/', 'SKU 037 • Доповнення до daily wellness-плану', 'SKU 037', false, ARRAY['nutrition','balance','daily-routine']::text[]),
  ('aloe-first', 'skincare', 'Алое Фьорст', 'Aloe First', 'Алое Фьорст для щоденного догляду за шкірою і м’якого self-care ритуалу.', null, 'Наносьте у межах регулярного догляду за шкірою та послідовного self-care ритуалу.', null, 'Для зовнішнього використання, якщо інше не вказано виробником. Перед регулярним використанням перевіряйте індивідуальну чутливість.', null, 'aloe', 'https://aloe-hub.flpuretail.com/uk/catalog/product/134/', 'SKU 040 • Щоденний догляд за шкірою', 'SKU 040', false, ARRAY['self-care','skin','balance']::text[]),
  ('forever-absorbent-c', 'supplements', 'Форевер Абсорбент-С', 'Forever Absorbent C', 'Форевер Абсорбент-С для щоденної nutrient-focused wellness-підтримки та структурованого ритму.', null, 'Розглядайте як доповнення до харчування, сну, руху та базових щоденних звичок.', null, 'Не замінює індивідуальний план харчування або професійну медичну консультацію. Перевіряйте склад перед використанням.', null, 'shake', 'https://aloe-hub.flpuretail.com/uk/catalog/product/135/', 'SKU 048 • Доповнення до daily wellness-плану', 'SKU 048', false, ARRAY['nutrition','balance','daily-routine']::text[]),
  ('aloe-propolis-creme', 'skincare', 'Крем Алое з прополісом', 'Aloe Propolis Creme', 'Крем Алое з прополісом для щоденного догляду за шкірою і м’якого self-care ритуалу.', null, 'Наносьте у межах регулярного догляду за шкірою та послідовного self-care ритуалу.', null, 'Для зовнішнього використання, якщо інше не вказано виробником. Перед регулярним використанням перевіряйте індивідуальну чутливість.', null, 'cream', 'https://aloe-hub.flpuretail.com/uk/catalog/product/136/', 'SKU 051 • Щоденний догляд за шкірою', 'SKU 051', true, ARRAY['beauty','skin','self-care']::text[]),
  ('aloe-vera-gelly', 'skincare', 'Желе Алое вера', 'Aloe Vera Gelly', 'Желе Алое вера для щоденного догляду за шкірою і м’якого self-care ритуалу.', null, 'Наносьте у межах регулярного догляду за шкірою та послідовного self-care ритуалу.', null, 'Для зовнішнього використання, якщо інше не вказано виробником. Перед регулярним використанням перевіряйте індивідуальну чутливість.', null, 'gelly', 'https://aloe-hub.flpuretail.com/uk/catalog/product/137/', 'SKU 061 • Щоденний догляд за шкірою', 'SKU 061', true, ARRAY['beauty','skin','self-care']::text[]),
  ('aloe-moisturizing-lotion', 'skincare', 'Алое Зволожуючий лосьон', 'Aloe Moisturizing Lotion', 'Алое Зволожуючий лосьон для щоденного догляду за шкірою і м’якого self-care ритуалу.', null, 'Наносьте у межах регулярного догляду за шкірою та послідовного self-care ритуалу.', null, 'Для зовнішнього використання, якщо інше не вказано виробником. Перед регулярним використанням перевіряйте індивідуальну чутливість.', null, 'cream', 'https://aloe-hub.flpuretail.com/uk/catalog/product/138/', 'SKU 063 • Щоденний догляд за шкірою', 'SKU 063', true, ARRAY['beauty','skin','self-care']::text[]),
  ('aloe-heat-lotion', 'skincare', 'Алое Хіт лосьйон', 'Aloe Heat Lotion', 'Алое Хіт лосьйон для щоденного догляду за шкірою і м’якого self-care ритуалу.', null, 'Наносьте у межах регулярного догляду за шкірою та послідовного self-care ритуалу.', null, 'Для зовнішнього використання, якщо інше не вказано виробником. Перед регулярним використанням перевіряйте індивідуальну чутливість.', null, 'cream', 'https://aloe-hub.flpuretail.com/uk/catalog/product/139/', 'SKU 064 • Щоденний догляд за шкірою', 'SKU 064', false, ARRAY['self-care','balance','daily-routine']::text[]),
  ('forever-garlic-thyme', 'supplements', 'Форевер Часник-чебрець', 'Forever Garlic-Thyme', 'Форевер Часник-чебрець для щоденної nutrient-focused wellness-підтримки та структурованого ритму.', null, 'Розглядайте як доповнення до харчування, сну, руху та базових щоденних звичок.', null, 'Не замінює індивідуальний план харчування або професійну медичну консультацію. Перевіряйте склад перед використанням.', null, 'shake', 'https://aloe-hub.flpuretail.com/uk/catalog/product/140/', 'SKU 065 • Доповнення до daily wellness-плану', 'SKU 065', false, ARRAY['balance','nutrition','daily-routine']::text[]),
  ('aloe-ever-shield-deodorant-stick', 'personal_care', 'Евер-Шилд дезодорант', 'Aloe Ever-Shield Deodorant Stick', 'Евер-Шилд дезодорант для стабільного щоденного ритуалу особистої гігієни.', null, 'Використовуйте у щоденній ранковій або вечірній рутині догляду за собою.', null, 'Використовуйте за інструкцією виробника. У разі подразнення припиніть використання та зверніться до фахівця.', null, 'glow', 'https://aloe-hub.flpuretail.com/uk/catalog/product/141/', 'SKU 067 • Основа щоденної гігієни', 'SKU 067', false, ARRAY['self-care','daily-routine','beauty']::text[]),
  ('storefront-68', 'supplements', 'Форевер Філдз оф Грінз', null, 'Форевер Філдз оф Грінз для щоденної nutrient-focused wellness-підтримки та структурованого ритму.', null, 'Розглядайте як доповнення до харчування, сну, руху та базових щоденних звичок.', null, 'Не замінює індивідуальний план харчування або професійну медичну консультацію. Перевіряйте склад перед використанням.', null, 'shake', 'https://aloe-hub.flpuretail.com/uk/catalog/product/142/', 'SKU 068 • Доповнення до daily wellness-плану', 'SKU 068', false, ARRAY['nutrition','balance','energy']::text[]),
  ('gentlemans-pride', 'skincare', 'Лосьйон після гоління', 'Gentleman''s Pride', 'Лосьйон після гоління для щоденного догляду за шкірою і м’якого self-care ритуалу.', null, 'Наносьте у межах регулярного догляду за шкірою та послідовного self-care ритуалу.', null, 'Для зовнішнього використання, якщо інше не вказано виробником. Перед регулярним використанням перевіряйте індивідуальну чутливість.', null, 'smile', 'https://aloe-hub.flpuretail.com/uk/catalog/product/144/', 'SKU 070 • Щоденний догляд за шкірою', 'SKU 070', false, ARRAY['self-care','beauty','daily-routine']::text[]),
  ('forever-garcinia-plus', 'supplements', 'Форевер Гарсинія плюс', 'Forever Garcinia Plus', 'Форевер Гарсинія плюс для щоденної nutrient-focused wellness-підтримки та структурованого ритму.', null, 'Розглядайте як доповнення до харчування, сну, руху та базових щоденних звичок.', null, 'Не замінює індивідуальний план харчування або професійну медичну консультацію. Перевіряйте склад перед використанням.', null, 'shake', 'https://aloe-hub.flpuretail.com/uk/catalog/product/145/', 'SKU 071 • Доповнення до daily wellness-плану', 'SKU 071', false, ARRAY['healthy-routine','balance','nutrition']::text[]),
  ('storefront-72', 'supplements', 'Форевер Лайсіум плюс', null, 'Форевер Лайсіум плюс для щоденної nutrient-focused wellness-підтримки та структурованого ритму.', null, 'Розглядайте як доповнення до харчування, сну, руху та базових щоденних звичок.', null, 'Не замінює індивідуальний план харчування або професійну медичну консультацію. Перевіряйте склад перед використанням.', null, 'shake', 'https://aloe-hub.flpuretail.com/uk/catalog/product/146/', 'SKU 072 • Доповнення до daily wellness-плану', 'SKU 072', false, ARRAY['nutrition','balance','energy']::text[]),
  ('storefront-1572', 'combo_packs', 'Фаворит Міні', null, 'Фаворит Міні як готовий wellness-набір для структурованого старту або перезапуску рутини.', null, 'Обирайте як структурований wellness-формат для старту або перезапуску щоденної рутини без медичних очікувань.', null, 'Набори поєднують кілька wellness-продуктів. Перевіряйте склад кожної позиції та обирайте формат, який підходить саме вам.', null, 'pack', 'https://aloe-hub.flpuretail.com/uk/catalog/product/186/', 'SKU 1572 • Готовий набір для структурованої рутини', 'SKU 1572', true, ARRAY['combo','daily-routine','self-care']::text[]),
  ('storefront-1575', 'combo_packs', 'Програма "Міцний імунітет"', null, 'Програма "Міцний імунітет" як готовий wellness-набір для структурованого старту або перезапуску рутини.', null, 'Обирайте як структурований wellness-формат для старту або перезапуску щоденної рутини без медичних очікувань.', null, 'Набори поєднують кілька wellness-продуктів. Перевіряйте склад кожної позиції та обирайте формат, який підходить саме вам.', null, 'pack', 'https://aloe-hub.flpuretail.com/uk/catalog/product/188/', 'SKU 1575 • Готовий набір для структурованої рутини', 'SKU 1575', true, ARRAY['combo','daily-routine','self-care']::text[]),
  ('storefront-1577', 'combo_packs', 'Програма "Здоров''я дитини"', null, 'Програма "Здоров''я дитини" як готовий wellness-набір для структурованого старту або перезапуску рутини.', null, 'Обирайте як структурований wellness-формат для старту або перезапуску щоденної рутини без медичних очікувань.', null, 'Набори поєднують кілька wellness-продуктів. Перевіряйте склад кожної позиції та обирайте формат, який підходить саме вам.', null, 'pack', 'https://aloe-hub.flpuretail.com/uk/catalog/product/189/', 'SKU 1577 • Готовий набір для структурованої рутини', 'SKU 1577', true, ARRAY['combo','daily-routine','self-care']::text[]),
  ('storefront-1585', 'combo_packs', 'Знайомство з Форевер', null, 'Знайомство з Форевер як готовий wellness-набір для структурованого старту або перезапуску рутини.', null, 'Обирайте як структурований wellness-формат для старту або перезапуску щоденної рутини без медичних очікувань.', null, 'Набори поєднують кілька wellness-продуктів. Перевіряйте склад кожної позиції та обирайте формат, який підходить саме вам.', null, 'pack', 'https://aloe-hub.flpuretail.com/uk/catalog/product/286/', 'SKU 1585 • Готовий набір для структурованої рутини', 'SKU 1585', true, ARRAY['combo','daily-routine','self-care']::text[]),
  ('forever-b12-plus', 'supplements', 'Форевер В12 Плюс', 'Forever B12 Plus', 'Форевер В12 Плюс для щоденної nutrient-focused wellness-підтримки та структурованого ритму.', null, 'Розглядайте як доповнення до харчування, сну, руху та базових щоденних звичок.', null, 'Не замінює індивідуальний план харчування або професійну медичну консультацію. Перевіряйте склад перед використанням.', null, 'shake', 'https://aloe-hub.flpuretail.com/uk/catalog/product/62/', 'SKU 188 • Доповнення до daily wellness-плану', 'SKU 188', false, ARRAY['energy','focus','nutrition']::text[]),
  ('aloe-blossom-herbal-tea', 'supplements', 'Чай з квітів Алое з травами', 'Aloe Blossom Herbal Tea', 'Чай з квітів Алое з травами для щоденної nutrient-focused wellness-підтримки та структурованого ритму.', null, 'Розглядайте як доповнення до харчування, сну, руху та базових щоденних звичок.', null, 'Не замінює індивідуальний план харчування або професійну медичну консультацію. Перевіряйте склад перед використанням.', null, 'fiber', 'https://aloe-hub.flpuretail.com/uk/catalog/product/1/', 'SKU 200 • Доповнення до daily wellness-плану', 'SKU 200', false, ARRAY['hydration','balance','daily-routine']::text[]),
  ('aloe-msm-gel', 'skincare', 'Алое МСМ Гель', 'Aloe MSM Gel', 'Алое МСМ Гель для щоденного догляду за шкірою і м’якого self-care ритуалу.', null, 'Наносьте у межах регулярного догляду за шкірою та послідовного self-care ритуалу.', null, 'Для зовнішнього використання, якщо інше не вказано виробником. Перед регулярним використанням перевіряйте індивідуальну чутливість.', null, 'gelly', 'https://aloe-hub.flpuretail.com/uk/catalog/product/60/', 'SKU 205 • Щоденний догляд за шкірою', 'SKU 205', false, ARRAY['beauty','skin','self-care']::text[]),
  ('forever-calcium', 'supplements', 'Форевер Кальцій', 'Forever Calcium', 'Форевер Кальцій для щоденної nutrient-focused wellness-підтримки та структурованого ритму.', null, 'Розглядайте як доповнення до харчування, сну, руху та базових щоденних звичок.', null, 'Не замінює індивідуальний план харчування або професійну медичну консультацію. Перевіряйте склад перед використанням.', null, 'shake', 'https://aloe-hub.flpuretail.com/uk/catalog/product/50/', 'SKU 206 • Доповнення до daily wellness-плану', 'SKU 206', false, ARRAY['nutrition','balance','daily-routine']::text[]),
  ('forever-bee-honey', 'bee_products', 'Форевер Бджолиний мед', 'Forever Bee Honey', 'Форевер Бджолиний мед як частина загальної wellness-рутини без медичних обіцянок.', null, 'Додавайте до загальної wellness-рутини поступово та з урахуванням персональної переносимості інгредієнтів.', null, 'Містить або може містити компоненти бджільництва. Якщо є чутливість або алергії, потрібна додаткова обережність.', null, 'bee', 'https://aloe-hub.flpuretail.com/uk/catalog/product/289/', 'SKU 207 • Bee-підтримка щоденного ритму', 'SKU 207', true, ARRAY['bee','nutrition','daily-routine']::text[]),
  ('forever-multi-maca', 'supplements', 'Форевер Мульти-Мака', 'Forever Multi-Maca', 'Форевер Мульти-Мака для щоденної nutrient-focused wellness-підтримки та структурованого ритму.', null, 'Розглядайте як доповнення до харчування, сну, руху та базових щоденних звичок.', null, 'Не замінює індивідуальний план харчування або професійну медичну консультацію. Перевіряйте склад перед використанням.', null, 'shake', 'https://aloe-hub.flpuretail.com/uk/catalog/product/47/', 'SKU 215 • Доповнення до daily wellness-плану', 'SKU 215', false, ARRAY['energy','nutrition','balance']::text[]),
  ('forever-aloe-scrub', 'skincare', 'Форевер Скраб Алое', 'Forever Aloe Scrub', 'Форевер Скраб Алое для щоденного догляду за шкірою і м’якого self-care ритуалу.', null, 'Наносьте у межах регулярного догляду за шкірою та послідовного self-care ритуалу.', null, 'Для зовнішнього використання, якщо інше не вказано виробником. Перед регулярним використанням перевіряйте індивідуальну чутливість.', null, 'glow', 'https://aloe-hub.flpuretail.com/uk/catalog/product/63/', 'SKU 238 • Щоденний догляд за шкірою', 'SKU 238', false, ARRAY['beauty','skin','self-care']::text[]),
  ('forever-active-ha', 'supplements', 'Форевер Ектив Гіалурон', 'Forever Active HA', 'Форевер Ектив Гіалурон для щоденної nutrient-focused wellness-підтримки та структурованого ритму.', null, 'Розглядайте як доповнення до харчування, сну, руху та базових щоденних звичок.', null, 'Не замінює індивідуальний план харчування або професійну медичну консультацію. Перевіряйте склад перед використанням.', null, 'shake', 'https://aloe-hub.flpuretail.com/uk/catalog/product/35/', 'SKU 264 • Доповнення до daily wellness-плану', 'SKU 264', false, ARRAY['balance','self-care','nutrition']::text[]),
  ('avocado-face-body-soap', 'personal_care', 'Косметичне мило з авокадо', 'Avocado Face & Body Soap', 'Косметичне мило з авокадо для стабільного щоденного ритуалу особистої гігієни.', null, 'Використовуйте у щоденній ранковій або вечірній рутині догляду за собою.', null, 'Використовуйте за інструкцією виробника. У разі подразнення припиніть використання та зверніться до фахівця.', null, 'body', 'https://aloe-hub.flpuretail.com/uk/catalog/product/71/', 'SKU 284 • Основа щоденної гігієни', 'SKU 284', false, ARRAY['self-care','daily-routine','beauty']::text[]),
  ('forever-lean', 'supplements', 'Форевер Лін', 'Forever Lean', 'Форевер Лін для щоденної nutrient-focused wellness-підтримки та структурованого ритму.', null, 'Розглядайте як доповнення до харчування, сну, руху та базових щоденних звичок.', null, 'Не замінює індивідуальний план харчування або професійну медичну консультацію. Перевіряйте склад перед використанням.', null, 'shake', 'https://aloe-hub.flpuretail.com/uk/catalog/product/33/', 'SKU 289 • Доповнення до daily wellness-плану', 'SKU 289', false, ARRAY['healthy-routine','nutrition','energy']::text[]),
  ('cardio-health', 'supplements', 'Форевер Кардіо Тонік', 'Cardio Health', 'Форевер Кардіо Тонік для щоденної nutrient-focused wellness-підтримки та структурованого ритму.', null, 'Розглядайте як доповнення до харчування, сну, руху та базових щоденних звичок.', null, 'Не замінює індивідуальний план харчування або професійну медичну консультацію. Перевіряйте склад перед використанням.', null, 'shake', 'https://aloe-hub.flpuretail.com/uk/catalog/product/49/', 'SKU 312 • Доповнення до daily wellness-плану', 'SKU 312', false, ARRAY['balance','energy','daily-routine']::text[]),
  ('forever-kids', 'supplements', 'Форевер Кідз', 'Forever Kids', 'Форевер Кідз для щоденної nutrient-focused wellness-підтримки та структурованого ритму.', null, 'Розглядайте як доповнення до харчування, сну, руху та базових щоденних звичок.', null, 'Не замінює індивідуальний план харчування або професійну медичну консультацію. Перевіряйте склад перед використанням.', null, 'shake', 'https://aloe-hub.flpuretail.com/uk/catalog/product/68/', 'SKU 354 • Доповнення до daily wellness-плану', 'SKU 354', false, ARRAY['nutrition','balance','daily-routine']::text[]),
  ('forever-immublend', 'supplements', 'Форевер Імубленд', 'Forever ImmuBlend', 'Форевер Імубленд для щоденної nutrient-focused wellness-підтримки та структурованого ритму.', null, 'Розглядайте як доповнення до харчування, сну, руху та базових щоденних звичок.', null, 'Не замінює індивідуальний план харчування або професійну медичну консультацію. Перевіряйте склад перед використанням.', null, 'shake', 'https://aloe-hub.flpuretail.com/uk/catalog/product/61/', 'SKU 355 • Доповнення до daily wellness-плану', 'SKU 355', false, ARRAY['balance','nutrition','daily-routine']::text[]),
  ('vitolize-men', 'supplements', 'Вітолайз Чоловіча Енергія', 'Vitolize Men', 'Вітолайз Чоловіча Енергія для щоденної nutrient-focused wellness-підтримки та структурованого ритму.', null, 'Розглядайте як доповнення до харчування, сну, руху та базових щоденних звичок.', null, 'Не замінює індивідуальний план харчування або професійну медичну консультацію. Перевіряйте склад перед використанням.', null, 'shake', 'https://aloe-hub.flpuretail.com/uk/catalog/product/39/', 'SKU 374 • Доповнення до daily wellness-плану', 'SKU 374', false, ARRAY['balance','self-care','nutrition']::text[]),
  ('vitolize-women', 'supplements', 'Вітолайз Жіноча Енергія', 'Vitolize Women', 'Вітолайз Жіноча Енергія для щоденної nutrient-focused wellness-підтримки та структурованого ритму.', null, 'Розглядайте як доповнення до харчування, сну, руху та базових щоденних звичок.', null, 'Не замінює індивідуальний план харчування або професійну медичну консультацію. Перевіряйте склад перед використанням.', null, 'shake', 'https://aloe-hub.flpuretail.com/uk/catalog/product/36/', 'SKU 375 • Доповнення до daily wellness-плану', 'SKU 375', false, ARRAY['balance','self-care','beauty']::text[]),
  ('forever-arctic-sea', 'supplements', 'Форевер Арктичне Море', 'Forever Arctic Sea', 'Форевер Арктичне Море для щоденної nutrient-focused wellness-підтримки та структурованого ритму.', null, 'Розглядайте як доповнення до харчування, сну, руху та базових щоденних звичок.', null, 'Не замінює індивідуальний план харчування або професійну медичну консультацію. Перевіряйте склад перед використанням.', null, 'shake', 'https://aloe-hub.flpuretail.com/uk/catalog/product/37/', 'SKU 376 • Доповнення до daily wellness-плану', 'SKU 376', false, ARRAY['nutrition','balance','daily-routine']::text[]),
  ('forever-daily', 'supplements', 'Форевер Дейлі', 'Forever Daily', 'Форевер Дейлі для щоденної nutrient-focused wellness-підтримки та структурованого ритму.', null, 'Розглядайте як доповнення до харчування, сну, руху та базових щоденних звичок.', null, 'Не замінює індивідуальний план харчування або професійну медичну консультацію. Перевіряйте склад перед використанням.', null, 'shake', 'https://aloe-hub.flpuretail.com/uk/catalog/product/59/', 'SKU 439 • Daily базова підтримка', 'SKU 439', true, ARRAY['nutrition','balance','daily-routine']::text[]),
  ('storefront-456', 'combo_packs', 'Вайтал5 (Гель Алое Вера)', null, 'Вайтал5 (Гель Алое Вера) як готовий wellness-набір для структурованого старту або перезапуску рутини.', null, 'Обирайте як структурований wellness-формат для старту або перезапуску щоденної рутини без медичних очікувань.', null, 'Набори поєднують кілька wellness-продуктів. Перевіряйте склад кожної позиції та обирайте формат, який підходить саме вам.', null, 'pack', 'https://aloe-hub.flpuretail.com/uk/catalog/product/81/', 'SKU 456 • Готовий набір для структурованої рутини', 'SKU 456', true, ARRAY['combo','daily-routine','self-care']::text[]),
  ('storefront-457', 'combo_packs', '"Вайтал 5" Ягідний Нектар', null, '"Вайтал 5" Ягідний Нектар як готовий wellness-набір для структурованого старту або перезапуску рутини.', null, 'Обирайте як структурований wellness-формат для старту або перезапуску щоденної рутини без медичних очікувань.', null, 'Набори поєднують кілька wellness-продуктів. Перевіряйте склад кожної позиції та обирайте формат, який підходить саме вам.', null, 'pack', 'https://aloe-hub.flpuretail.com/uk/catalog/product/82/', 'SKU 457 • Готовий набір для структурованої рутини', 'SKU 457', true, ARRAY['combo','daily-routine','self-care']::text[]),
  ('storefront-458', 'combo_packs', '"Вайтал 5" Алое з персиком', null, '"Вайтал 5" Алое з персиком як готовий wellness-набір для структурованого старту або перезапуску рутини.', null, 'Обирайте як структурований wellness-формат для старту або перезапуску щоденної рутини без медичних очікувань.', null, 'Набори поєднують кілька wellness-продуктів. Перевіряйте склад кожної позиції та обирайте формат, який підходить саме вам.', null, 'pack', 'https://aloe-hub.flpuretail.com/uk/catalog/product/83/', 'SKU 458 • Готовий набір для структурованої рутини', 'SKU 458', true, ARRAY['combo','daily-routine','self-care']::text[]),
  ('storefront-459', 'combo_packs', '"Вайтал 5" Форевер Свобода', null, '"Вайтал 5" Форевер Свобода як готовий wellness-набір для структурованого старту або перезапуску рутини.', null, 'Обирайте як структурований wellness-формат для старту або перезапуску щоденної рутини без медичних очікувань.', null, 'Набори поєднують кілька wellness-продуктів. Перевіряйте склад кожної позиції та обирайте формат, який підходить саме вам.', null, 'pack', 'https://aloe-hub.flpuretail.com/uk/catalog/product/209/', 'SKU 459 • Готовий набір для структурованої рутини', 'SKU 459', true, ARRAY['combo','daily-routine','self-care']::text[]),
  ('storefront-463', 'supplements', 'Форевер Терм', null, 'Форевер Терм для щоденної nutrient-focused wellness-підтримки та структурованого ритму.', null, 'Розглядайте як доповнення до харчування, сну, руху та базових щоденних звичок.', null, 'Не замінює індивідуальний план харчування або професійну медичну консультацію. Перевіряйте склад перед використанням.', null, 'shake', 'https://aloe-hub.flpuretail.com/uk/catalog/product/30/', 'SKU 463 • Доповнення до daily wellness-плану', 'SKU 463', false, ARRAY['nutrition','balance','energy']::text[]),
  ('storefront-464', 'supplements', 'Форевер Файбер', null, 'Форевер Файбер для щоденної nutrient-focused wellness-підтримки та структурованого ритму.', null, 'Розглядайте як доповнення до харчування, сну, руху та базових щоденних звичок.', null, 'Не замінює індивідуальний план харчування або професійну медичну консультацію. Перевіряйте склад перед використанням.', null, 'shake', 'https://aloe-hub.flpuretail.com/uk/catalog/product/53/', 'SKU 464 • Доповнення до daily wellness-плану', 'SKU 464', false, ARRAY['nutrition','balance','energy']::text[]),
  ('forever-lite-ultra-vanilla', 'supplements', 'Лайт Ультра Ванільний', 'Forever Lite Ultra Vanilla', 'Лайт Ультра Ванільний для щоденної nutrient-focused wellness-підтримки та структурованого ритму.', null, 'Розглядайте як доповнення до харчування, сну, руху та базових щоденних звичок.', null, 'Не замінює індивідуальний план харчування або професійну медичну консультацію. Перевіряйте склад перед використанням.', null, 'shake', 'https://aloe-hub.flpuretail.com/uk/catalog/product/51/', 'SKU 470 • Ванільний shake-формат', 'SKU 470', true, ARRAY['nutrition','energy','healthy-routine']::text[]),
  ('forever-lite-ultra-chocolate', 'supplements', 'Лайт Ультра Шоколадний', 'Forever Lite Ultra Chocolate', 'Лайт Ультра Шоколадний для щоденної nutrient-focused wellness-підтримки та структурованого ритму.', null, 'Розглядайте як доповнення до харчування, сну, руху та базових щоденних звичок.', null, 'Не замінює індивідуальний план харчування або професійну медичну консультацію. Перевіряйте склад перед використанням.', null, 'shake', 'https://aloe-hub.flpuretail.com/uk/catalog/product/52/', 'SKU 471 • Шоколадний shake-формат', 'SKU 471', false, ARRAY['nutrition','energy','healthy-routine']::text[]),
  ('forever-argi-plus', 'supplements', 'АРДЖІ+', 'Forever ARGI+', 'АРДЖІ+ для щоденної nutrient-focused wellness-підтримки та структурованого ритму.', null, 'Розглядайте як доповнення до харчування, сну, руху та базових щоденних звичок.', null, 'Не замінює індивідуальний план харчування або професійну медичну консультацію. Перевіряйте склад перед використанням.', null, 'shake', 'https://aloe-hub.flpuretail.com/uk/catalog/product/25/', 'SKU 473 • Доповнення до daily wellness-плану', 'SKU 473', false, ARRAY['energy','focus','nutrition']::text[]),
  ('storefront-475', 'combo_packs', 'Програма Очистки С9 Ваніль', null, 'Програма Очистки С9 Ваніль як готовий wellness-набір для структурованого старту або перезапуску рутини.', null, 'Обирайте як структурований wellness-формат для старту або перезапуску щоденної рутини без медичних очікувань.', null, 'Набори поєднують кілька wellness-продуктів. Перевіряйте склад кожної позиції та обирайте формат, який підходить саме вам.', null, 'pack', 'https://aloe-hub.flpuretail.com/uk/catalog/product/84/', 'SKU 475 • Готовий набір для структурованої рутини', 'SKU 475', true, ARRAY['combo','daily-routine','self-care']::text[]),
  ('storefront-476', 'combo_packs', 'Програма Очистки С9 Шоколад', null, 'Програма Очистки С9 Шоколад як готовий wellness-набір для структурованого старту або перезапуску рутини.', null, 'Обирайте як структурований wellness-формат для старту або перезапуску щоденної рутини без медичних очікувань.', null, 'Набори поєднують кілька wellness-продуктів. Перевіряйте склад кожної позиції та обирайте формат, який підходить саме вам.', null, 'pack', 'https://aloe-hub.flpuretail.com/uk/catalog/product/85/', 'SKU 476 • Готовий набір для структурованої рутини', 'SKU 476', true, ARRAY['combo','daily-routine','self-care']::text[]),
  ('storefront-520', 'supplements', 'Батончик Форевер Фаст Брейк', null, 'Батончик Форевер Фаст Брейк для щоденної nutrient-focused wellness-підтримки та структурованого ритму.', null, 'Розглядайте як доповнення до харчування, сну, руху та базових щоденних звичок.', null, 'Не замінює індивідуальний план харчування або професійну медичну консультацію. Перевіряйте склад перед використанням.', null, 'shake', 'https://aloe-hub.flpuretail.com/uk/catalog/product/72/', 'SKU 520 • Доповнення до daily wellness-плану', 'SKU 520', false, ARRAY['nutrition','balance','energy']::text[]),
  ('storefront-551', 'supplements', 'Форевер Мув', null, 'Форевер Мув для щоденної nutrient-focused wellness-підтримки та структурованого ритму.', null, 'Розглядайте як доповнення до харчування, сну, руху та базових щоденних звичок.', null, 'Не замінює індивідуальний план харчування або професійну медичну консультацію. Перевіряйте склад перед використанням.', null, 'shake', 'https://aloe-hub.flpuretail.com/uk/catalog/product/116/', 'SKU 551 • Доповнення до daily wellness-плану', 'SKU 551', false, ARRAY['nutrition','balance','energy']::text[]),
  ('storefront-553', 'skincare', 'Набір "Інфініт від Форевер"', null, 'Набір "Інфініт від Форевер" для щоденного догляду за шкірою і м’якого self-care ритуалу.', null, 'Наносьте у межах регулярного догляду за шкірою та послідовного self-care ритуалу.', null, 'Для зовнішнього використання, якщо інше не вказано виробником. Перед регулярним використанням перевіряйте індивідуальну чутливість.', null, 'cream', 'https://aloe-hub.flpuretail.com/uk/catalog/product/114/', 'SKU 553 • Щоденний догляд за шкірою', 'SKU 553', false, ARRAY['beauty','skin','self-care']::text[]),
  ('storefront-554', 'skincare', 'Зволожуючий комплекс Інфініт', null, 'Зволожуючий комплекс Інфініт для щоденного догляду за шкірою і м’якого self-care ритуалу.', null, 'Наносьте у межах регулярного догляду за шкірою та послідовного self-care ритуалу.', null, 'Для зовнішнього використання, якщо інше не вказано виробником. Перед регулярним використанням перевіряйте індивідуальну чутливість.', null, 'cream', 'https://aloe-hub.flpuretail.com/uk/catalog/product/94/', 'SKU 554 • Щоденний догляд за шкірою', 'SKU 554', false, ARRAY['beauty','skin','self-care']::text[]),
  ('storefront-555', 'skincare', 'Зміцнююча Сироватка Інфініт', null, 'Зміцнююча Сироватка Інфініт для щоденного догляду за шкірою і м’якого self-care ритуалу.', null, 'Наносьте у межах регулярного догляду за шкірою та послідовного self-care ритуалу.', null, 'Для зовнішнього використання, якщо інше не вказано виробником. Перед регулярним використанням перевіряйте індивідуальну чутливість.', null, 'glow', 'https://aloe-hub.flpuretail.com/uk/catalog/product/95/', 'SKU 555 • Щоденний догляд за шкірою', 'SKU 555', false, ARRAY['beauty','skin','self-care']::text[]),
  ('storefront-556', 'skincare', 'Зміцнюючий комплекс Інфініт', null, 'Зміцнюючий комплекс Інфініт для щоденного догляду за шкірою і м’якого self-care ритуалу.', null, 'Наносьте у межах регулярного догляду за шкірою та послідовного self-care ритуалу.', null, 'Для зовнішнього використання, якщо інше не вказано виробником. Перед регулярним використанням перевіряйте індивідуальну чутливість.', null, 'cream', 'https://aloe-hub.flpuretail.com/uk/catalog/product/96/', 'SKU 556 • Щоденний догляд за шкірою', 'SKU 556', false, ARRAY['beauty','skin','self-care']::text[]),
  ('storefront-558', 'skincare', 'Відновлюючий крем Інфініт від Форевер', null, 'Відновлюючий крем Інфініт від Форевер для щоденного догляду за шкірою і м’якого self-care ритуалу.', null, 'Наносьте у межах регулярного догляду за шкірою та послідовного self-care ритуалу.', null, 'Для зовнішнього використання, якщо інше не вказано виробником. Перед регулярним використанням перевіряйте індивідуальну чутливість.', null, 'cream', 'https://aloe-hub.flpuretail.com/uk/catalog/product/97/', 'SKU 558 • Щоденний догляд за шкірою', 'SKU 558', false, ARRAY['beauty','skin','self-care']::text[]),
  ('storefront-559', 'skincare', 'Очищуючий та Вирівнюючий Скраб', null, 'Очищуючий та Вирівнюючий Скраб для щоденного догляду за шкірою і м’якого self-care ритуалу.', null, 'Наносьте у межах регулярного догляду за шкірою та послідовного self-care ритуалу.', null, 'Для зовнішнього використання, якщо інше не вказано виробником. Перед регулярним використанням перевіряйте індивідуальну чутливість.', null, 'cream', 'https://aloe-hub.flpuretail.com/uk/catalog/product/98/', 'SKU 559 • Щоденний догляд за шкірою', 'SKU 559', false, ARRAY['beauty','skin','self-care']::text[]),
  ('forever-alluring-eyes', 'skincare', 'Крем Навколо Очей', 'Forever Alluring Eyes', 'Крем Навколо Очей для щоденного догляду за шкірою і м’якого self-care ритуалу.', null, 'Наносьте у межах регулярного догляду за шкірою та послідовного self-care ритуалу.', null, 'Для зовнішнього використання, якщо інше не вказано виробником. Перед регулярним використанням перевіряйте індивідуальну чутливість.', null, 'glow', 'https://aloe-hub.flpuretail.com/uk/catalog/product/100/', 'SKU 561 • Щоденний догляд за шкірою', 'SKU 561', false, ARRAY['beauty','skin','self-care']::text[]),
  ('storefront-564', 'body_care', 'Алое Охолоджуючий лосьйон', null, 'Алое Охолоджуючий лосьйон для щоденного догляду за тілом і комфортного body-care ритуалу.', null, 'Поєднуйте з базовими body-care звичками та комфортним темпом дня.', null, 'Лише для зовнішнього використання. У разі подразнення або дискомфорту припиніть використання.', null, 'body', 'https://aloe-hub.flpuretail.com/uk/catalog/product/235/', 'SKU 564 • Body-care ритуал без зайвого тиску', 'SKU 564', false, ARRAY['self-care','beauty','daily-routine']::text[]),
  ('storefront-566', 'supplements', 'Форевер Імун Ґаммі', null, 'Форевер Імун Ґаммі для щоденної nutrient-focused wellness-підтримки та структурованого ритму.', null, 'Розглядайте як доповнення до харчування, сну, руху та базових щоденних звичок.', null, 'Не замінює індивідуальний план харчування або професійну медичну консультацію. Перевіряйте склад перед використанням.', null, 'shake', 'https://aloe-hub.flpuretail.com/uk/catalog/product/233/', 'SKU 566 • Доповнення до daily wellness-плану', 'SKU 566', false, ARRAY['nutrition','balance','energy']::text[]),
  ('forever-active-probiotic', 'supplements', 'Форевер Ектів Про-Бі', 'Forever Active Probiotic', 'Форевер Ектів Про-Бі для щоденної nutrient-focused wellness-підтримки та структурованого ритму.', null, 'Розглядайте як доповнення до харчування, сну, руху та базових щоденних звичок.', null, 'Не замінює індивідуальний план харчування або професійну медичну консультацію. Перевіряйте склад перед використанням.', null, 'shake', 'https://aloe-hub.flpuretail.com/uk/catalog/product/28/', 'SKU 610 • Доповнення до daily wellness-плану', 'SKU 610', false, ARRAY['balance','nutrition','daily-routine']::text[]),
  ('aloe-activator', 'skincare', 'Алое Активатор', 'Aloe Activator', 'Алое Активатор для щоденного догляду за шкірою і м’якого self-care ритуалу.', null, 'Наносьте у межах регулярного догляду за шкірою та послідовного self-care ритуалу.', null, 'Для зовнішнього використання, якщо інше не вказано виробником. Перед регулярним використанням перевіряйте індивідуальну чутливість.', null, 'aloe', 'https://aloe-hub.flpuretail.com/uk/catalog/product/105/', 'SKU 612 • Щоденний догляд за шкірою', 'SKU 612', false, ARRAY['beauty','skin','self-care']::text[]),
  ('storefront-613', 'supplements', 'Форевер Морський колаген', null, 'Форевер Морський колаген для щоденної nutrient-focused wellness-підтримки та структурованого ритму.', null, 'Розглядайте як доповнення до харчування, сну, руху та базових щоденних звичок.', null, 'Не замінює індивідуальний план харчування або професійну медичну консультацію. Перевіряйте склад перед використанням.', null, 'shake', 'https://aloe-hub.flpuretail.com/uk/catalog/product/232/', 'SKU 613 • Доповнення до daily wellness-плану', 'SKU 613', false, ARRAY['nutrition','balance','energy']::text[]),
  ('storefront-618', 'skincare', 'Зволожуюча Сироватка', null, 'Зволожуюча Сироватка для щоденного догляду за шкірою і м’якого self-care ритуалу.', null, 'Наносьте у межах регулярного догляду за шкірою та послідовного self-care ритуалу.', null, 'Для зовнішнього використання, якщо інше не вказано виробником. Перед регулярним використанням перевіряйте індивідуальну чутливість.', null, 'glow', 'https://aloe-hub.flpuretail.com/uk/catalog/product/106/', 'SKU 618 • Щоденний догляд за шкірою', 'SKU 618', false, ARRAY['beauty','skin','self-care']::text[]),
  ('storefront-622', 'supplements', 'Форевер Фокус', null, 'Форевер Фокус для щоденної nutrient-focused wellness-підтримки та структурованого ритму.', null, 'Розглядайте як доповнення до харчування, сну, руху та базових щоденних звичок.', null, 'Не замінює індивідуальний план харчування або професійну медичну консультацію. Перевіряйте склад перед використанням.', null, 'shake', 'https://aloe-hub.flpuretail.com/uk/catalog/product/24/', 'SKU 622 • Доповнення до daily wellness-плану', 'SKU 622', false, ARRAY['nutrition','balance','energy']::text[]),
  ('forever-vision', 'supplements', 'Форевер АйВіжн', 'Forever Vision', 'Форевер АйВіжн для щоденної nutrient-focused wellness-підтримки та структурованого ритму.', null, 'Розглядайте як доповнення до харчування, сну, руху та базових щоденних звичок.', null, 'Не замінює індивідуальний план харчування або професійну медичну консультацію. Перевіряйте склад перед використанням.', null, 'shake', 'https://aloe-hub.flpuretail.com/uk/catalog/product/29/', 'SKU 624 • Доповнення до daily wellness-плану', 'SKU 624', false, ARRAY['focus','balance','nutrition']::text[]),
  ('storefront-625', 'combo_packs', 'С9 (Нектар & Лайт Ваніль)', null, 'С9 (Нектар & Лайт Ваніль) як готовий wellness-набір для структурованого старту або перезапуску рутини.', null, 'Обирайте як структурований wellness-формат для старту або перезапуску щоденної рутини без медичних очікувань.', null, 'Набори поєднують кілька wellness-продуктів. Перевіряйте склад кожної позиції та обирайте формат, який підходить саме вам.', null, 'pack', 'https://aloe-hub.flpuretail.com/uk/catalog/product/228/', 'SKU 625 • Готовий набір для структурованої рутини', 'SKU 625', true, ARRAY['combo','daily-routine','self-care']::text[]),
  ('aloe-liquid-soap', 'personal_care', 'Рідке Мило з Алое', 'Aloe Liquid Soap', 'Рідке Мило з Алое для стабільного щоденного ритуалу особистої гігієни.', null, 'Використовуйте у щоденній ранковій або вечірній рутині догляду за собою.', null, 'Використовуйте за інструкцією виробника. У разі подразнення припиніть використання та зверніться до фахівця.', null, 'body', 'https://aloe-hub.flpuretail.com/uk/catalog/product/78/', 'SKU 633 • Основа щоденної гігієни', 'SKU 633', false, ARRAY['self-care','daily-routine','beauty']::text[]),
  ('aloe-jojoba-shampoo', 'hair_care', 'Шампунь Алое-Жожоба', 'Aloe-Jojoba Shampoo', 'Шампунь Алое-Жожоба для щоденного догляду за волоссям та акуратного scalp-care ритму.', null, 'Застосовуйте як частину регулярного догляду за волоссям і шкірою голови.', null, 'Уникайте контакту з очима та не використовуйте за наявності вираженої індивідуальної чутливості.', null, 'hair', 'https://aloe-hub.flpuretail.com/uk/catalog/product/3/', 'SKU 640 • Hair-care підтримка на щодень', 'SKU 640', true, ARRAY['self-care','beauty','balance']::text[]),
  ('aloe-jojoba-conditioning-rinse', 'hair_care', 'Кондиціонер Алое-Жожоба', 'Aloe-Jojoba Conditioning Rinse', 'Кондиціонер Алое-Жожоба для щоденного догляду за волоссям та акуратного scalp-care ритму.', null, 'Застосовуйте як частину регулярного догляду за волоссям і шкірою голови.', null, 'Уникайте контакту з очима та не використовуйте за наявності вираженої індивідуальної чутливості.', null, 'hair', 'https://aloe-hub.flpuretail.com/uk/catalog/product/10/', 'SKU 641 • Hair-care підтримка на щодень', 'SKU 641', false, ARRAY['self-care','beauty','balance']::text[]),
  ('storefront-642', 'hair_care', 'Живильна Олія для Волосся', null, 'Живильна Олія для Волосся для щоденного догляду за волоссям та акуратного scalp-care ритму.', null, 'Застосовуйте як частину регулярного догляду за волоссям і шкірою голови.', null, 'Уникайте контакту з очима та не використовуйте за наявності вираженої індивідуальної чутливості.', null, 'hair', 'https://aloe-hub.flpuretail.com/uk/catalog/product/250/', 'SKU 642 • Hair-care підтримка на щодень', 'SKU 642', false, ARRAY['self-care','beauty','balance']::text[]),
  ('storefront-643', 'fragrances', 'Алофа (жіночий аромат)', null, 'Алофа (жіночий аромат) для завершення образу легким wellness-inspired ароматним акцентом.', null, 'Наносьте помірно як завершальний ароматний штрих до щоденного образу.', null, 'Тільки для зовнішнього використання. Не наносіть на чутливі ділянки шкіри без попередньої перевірки.', null, 'fragrance', 'https://aloe-hub.flpuretail.com/uk/catalog/product/258/', 'SKU 643 • Ароматний штрих до образу', 'SKU 643', false, ARRAY['self-care','beauty']::text[]),
  ('storefront-644', 'fragrances', 'Малосі (чоловічий аромат)', null, 'Малосі (чоловічий аромат) для завершення образу легким wellness-inspired ароматним акцентом.', null, 'Наносьте помірно як завершальний ароматний штрих до щоденного образу.', null, 'Тільки для зовнішнього використання. Не наносіть на чутливі ділянки шкіри без попередньої перевірки.', null, 'fragrance', 'https://aloe-hub.flpuretail.com/uk/catalog/product/259/', 'SKU 644 • Ароматний штрих до образу', 'SKU 644', false, ARRAY['self-care','beauty']::text[]),
  ('storefront-645', 'skincare', 'Захисний Денний Лосьйон', null, 'Захисний Денний Лосьйон для щоденного догляду за шкірою і м’якого self-care ритуалу.', null, 'Наносьте у межах регулярного догляду за шкірою та послідовного self-care ритуалу.', null, 'Для зовнішнього використання, якщо інше не вказано виробником. Перед регулярним використанням перевіряйте індивідуальну чутливість.', null, 'cream', 'https://aloe-hub.flpuretail.com/uk/catalog/product/225/', 'SKU 645 • Щоденний догляд за шкірою', 'SKU 645', false, ARRAY['beauty','skin','self-care']::text[]),
  ('storefront-646', 'body_care', 'Алое Гель для Душу', null, 'Алое Гель для Душу для щоденного догляду за тілом і комфортного body-care ритуалу.', null, 'Поєднуйте з базовими body-care звичками та комфортним темпом дня.', null, 'Лише для зовнішнього використання. У разі подразнення або дискомфорту припиніть використання.', null, 'body', 'https://aloe-hub.flpuretail.com/uk/catalog/product/11/', 'SKU 646 • Body-care ритуал без зайвого тиску', 'SKU 646', false, ARRAY['self-care','beauty','daily-routine']::text[]),
  ('storefront-647', 'body_care', 'Алое Лосьйон для Тіла', null, 'Алое Лосьйон для Тіла для щоденного догляду за тілом і комфортного body-care ритуалу.', null, 'Поєднуйте з базовими body-care звичками та комфортним темпом дня.', null, 'Лише для зовнішнього використання. У разі подразнення або дискомфорту припиніть використання.', null, 'body', 'https://aloe-hub.flpuretail.com/uk/catalog/product/76/', 'SKU 647 • Body-care ритуал без зайвого тиску', 'SKU 647', false, ARRAY['self-care','beauty','daily-routine']::text[]),
  ('storefront-650', 'skincare', 'Відновлювальний крем для шкіри', null, 'Відновлювальний крем для шкіри для щоденного догляду за шкірою і м’якого self-care ритуалу.', null, 'Наносьте у межах регулярного догляду за шкірою та послідовного self-care ритуалу.', null, 'Для зовнішнього використання, якщо інше не вказано виробником. Перед регулярним використанням перевіряйте індивідуальну чутливість.', null, 'cream', 'https://aloe-hub.flpuretail.com/uk/catalog/product/291/', 'SKU 650 • Щоденний догляд за шкірою', 'SKU 650', false, ARRAY['beauty','skin','self-care']::text[]),
  ('aloe-deep-moisturizing-cream', 'skincare', 'Глибоко Зволожуючий Крем', 'Aloe Deep Moisturizing Cream', 'Глибоко Зволожуючий Крем для щоденного догляду за шкірою і м’якого self-care ритуалу.', null, 'Наносьте у межах регулярного догляду за шкірою та послідовного self-care ритуалу.', null, 'Для зовнішнього використання, якщо інше не вказано виробником. Перед регулярним використанням перевіряйте індивідуальну чутливість.', null, 'cream', 'https://aloe-hub.flpuretail.com/uk/catalog/product/234/', 'SKU 651 • Щоденний догляд за шкірою', 'SKU 651', false, ARRAY['beauty','skin','self-care']::text[]),
  ('mask-powder', 'skincare', 'Ліфтингова маска-пудра', 'Mask Powder', 'Ліфтингова маска-пудра для щоденного догляду за шкірою і м’якого self-care ритуалу.', null, 'Наносьте у межах регулярного догляду за шкірою та послідовного self-care ритуалу.', null, 'Для зовнішнього використання, якщо інше не вказано виробником. Перед регулярним використанням перевіряйте індивідуальну чутливість.', null, 'glow', 'https://aloe-hub.flpuretail.com/uk/catalog/product/283/', 'SKU 652 • Щоденний догляд за шкірою', 'SKU 652', false, ARRAY['beauty','skin','self-care']::text[]),
  ('storefront-653', 'skincare', 'Відновлююча олія для шкіри', null, 'Відновлююча олія для шкіри для щоденного догляду за шкірою і м’якого self-care ритуалу.', null, 'Наносьте у межах регулярного догляду за шкірою та послідовного self-care ритуалу.', null, 'Для зовнішнього використання, якщо інше не вказано виробником. Перед регулярним використанням перевіряйте індивідуальну чутливість.', null, 'cream', 'https://aloe-hub.flpuretail.com/uk/catalog/product/267/', 'SKU 653 • Щоденний догляд за шкірою', 'SKU 653', false, ARRAY['beauty','skin','self-care']::text[]),
  ('storefront-656', 'supplements', 'Форевер Рослинний протеїн', null, 'Форевер Рослинний протеїн для щоденної nutrient-focused wellness-підтримки та структурованого ритму.', null, 'Розглядайте як доповнення до харчування, сну, руху та базових щоденних звичок.', null, 'Не замінює індивідуальний план харчування або професійну медичну консультацію. Перевіряйте склад перед використанням.', null, 'shake', 'https://aloe-hub.flpuretail.com/uk/catalog/product/115/', 'SKU 656 • Доповнення до daily wellness-плану', 'SKU 656', false, ARRAY['nutrition','balance','energy']::text[]),
  ('storefront-659', 'combo_packs', 'DX4', null, 'DX4 як готовий wellness-набір для структурованого старту або перезапуску рутини.', null, 'Обирайте як структурований wellness-формат для старту або перезапуску щоденної рутини без медичних очікувань.', null, 'Набори поєднують кілька wellness-продуктів. Перевіряйте склад кожної позиції та обирайте формат, який підходить саме вам.', null, 'pack', 'https://aloe-hub.flpuretail.com/uk/catalog/product/112/', 'SKU 659 • Готовий набір для структурованої рутини', 'SKU 659', true, ARRAY['combo','daily-routine','self-care']::text[]),
  ('storefront-664', 'skincare', 'Алое Біоцелюлозна маска', null, 'Алое Біоцелюлозна маска для щоденного догляду за шкірою і м’якого self-care ритуалу.', null, 'Наносьте у межах регулярного догляду за шкірою та послідовного self-care ритуалу.', null, 'Для зовнішнього використання, якщо інше не вказано виробником. Перед регулярним використанням перевіряйте індивідуальну чутливість.', null, 'glow', 'https://aloe-hub.flpuretail.com/uk/catalog/product/257/', 'SKU 664 • Щоденний догляд за шкірою', 'SKU 664', false, ARRAY['beauty','skin','self-care']::text[]),
  ('storefront-665', 'supplements', 'Форевер Сенсатіабль', null, 'Форевер Сенсатіабль для щоденної nutrient-focused wellness-підтримки та структурованого ритму.', null, 'Розглядайте як доповнення до харчування, сну, руху та базових щоденних звичок.', null, 'Не замінює індивідуальний план харчування або професійну медичну консультацію. Перевіряйте склад перед використанням.', null, 'shake', 'https://aloe-hub.flpuretail.com/uk/catalog/product/239/', 'SKU 665 • Доповнення до daily wellness-плану', 'SKU 665', false, ARRAY['nutrition','balance','energy']::text[]),
  ('storefront-667', 'skincare', 'Logic Очищуючий гель з алое', null, 'Logic Очищуючий гель з алое для щоденного догляду за шкірою і м’якого self-care ритуалу.', null, 'Наносьте у межах регулярного догляду за шкірою та послідовного self-care ритуалу.', null, 'Для зовнішнього використання, якщо інше не вказано виробником. Перед регулярним використанням перевіряйте індивідуальну чутливість.', null, 'cream', 'https://aloe-hub.flpuretail.com/uk/catalog/product/279/', 'SKU 667 • Щоденний догляд за шкірою', 'SKU 667', false, ARRAY['beauty','skin','self-care']::text[]),
  ('storefront-668', 'skincare', 'Logic Балансуючий тонер', null, 'Logic Балансуючий тонер для щоденного догляду за шкірою і м’якого self-care ритуалу.', null, 'Наносьте у межах регулярного догляду за шкірою та послідовного self-care ритуалу.', null, 'Для зовнішнього використання, якщо інше не вказано виробником. Перед регулярним використанням перевіряйте індивідуальну чутливість.', null, 'glow', 'https://aloe-hub.flpuretail.com/uk/catalog/product/280/', 'SKU 668 • Щоденний догляд за шкірою', 'SKU 668', false, ARRAY['beauty','skin','self-care']::text[]),
  ('storefront-669', 'skincare', 'Logic Заспокійливий зволожуючий гель', null, 'Logic Заспокійливий зволожуючий гель для щоденного догляду за шкірою і м’якого self-care ритуалу.', null, 'Наносьте у межах регулярного догляду за шкірою та послідовного self-care ритуалу.', null, 'Для зовнішнього використання, якщо інше не вказано виробником. Перед регулярним використанням перевіряйте індивідуальну чутливість.', null, 'cream', 'https://aloe-hub.flpuretail.com/uk/catalog/product/281/', 'SKU 669 • Щоденний догляд за шкірою', 'SKU 669', false, ARRAY['beauty','skin','self-care']::text[]),
  ('storefront-672', 'supplements', 'Форевер Абсорбент-D', null, 'Форевер Абсорбент-D для щоденної nutrient-focused wellness-підтримки та структурованого ритму.', null, 'Розглядайте як доповнення до харчування, сну, руху та базових щоденних звичок.', null, 'Не замінює індивідуальний план харчування або професійну медичну консультацію. Перевіряйте склад перед використанням.', null, 'shake', 'https://aloe-hub.flpuretail.com/uk/catalog/product/261/', 'SKU 672 • Доповнення до daily wellness-плану', 'SKU 672', false, ARRAY['nutrition','balance','energy']::text[]),
  ('storefront-673', 'skincare', 'Logic Система догляду за шкірою', null, 'Logic Система догляду за шкірою для щоденного догляду за шкірою і м’якого self-care ритуалу.', null, 'Наносьте у межах регулярного догляду за шкірою та послідовного self-care ритуалу.', null, 'Для зовнішнього використання, якщо інше не вказано виробником. Перед регулярним використанням перевіряйте індивідуальну чутливість.', null, 'cream', 'https://aloe-hub.flpuretail.com/uk/catalog/product/288/', 'SKU 673 • Щоденний догляд за шкірою', 'SKU 673', false, ARRAY['beauty','skin','self-care']::text[]),
  ('storefront-676', 'supplements', 'Форевер Алое Куркума', null, 'Форевер Алое Куркума для щоденної nutrient-focused wellness-підтримки та структурованого ритму.', null, 'Розглядайте як доповнення до харчування, сну, руху та базових щоденних звичок.', null, 'Не замінює індивідуальний план харчування або професійну медичну консультацію. Перевіряйте склад перед використанням.', null, 'shake', 'https://aloe-hub.flpuretail.com/uk/catalog/product/264/', 'SKU 676 • Доповнення до daily wellness-плану', 'SKU 676', false, ARRAY['nutrition','balance','energy']::text[]),
  ('storefront-67610', 'supplements', 'Форевер Алое Куркума (набір з 10 упаковок)', null, 'Форевер Алое Куркума (набір з 10 упаковок) для щоденної nutrient-focused wellness-підтримки та структурованого ритму.', null, 'Розглядайте як доповнення до харчування, сну, руху та базових щоденних звичок.', null, 'Не замінює індивідуальний план харчування або професійну медичну консультацію. Перевіряйте склад перед використанням.', null, 'shake', 'https://aloe-hub.flpuretail.com/uk/catalog/product/282/', 'SKU 67610 • Доповнення до daily wellness-плану', 'SKU 67610', false, ARRAY['nutrition','balance','energy']::text[]),
  ('storefront-677', 'skincare', 'Гель-маска "Досконалість"', null, 'Гель-маска "Досконалість" для щоденного догляду за шкірою і м’якого self-care ритуалу.', null, 'Наносьте у межах регулярного догляду за шкірою та послідовного self-care ритуалу.', null, 'Для зовнішнього використання, якщо інше не вказано виробником. Перед регулярним використанням перевіряйте індивідуальну чутливість.', null, 'glow', 'https://aloe-hub.flpuretail.com/uk/catalog/product/290/', 'SKU 677 • Щоденний догляд за шкірою', 'SKU 677', false, ARRAY['beauty','skin','self-care']::text[]),
  ('aloe-vera-gel', 'aloe_drinks', 'Форевер Гель Алое Вера', 'Aloe Vera Gel', 'Класичний aloe-first напій для щоденного wellness-ритму та підтримки водного балансу.', null, 'Використовуйте як частину збалансованої daily wellness-рутини разом із водою та комфортним режимом дня.', null, 'Це wellness-продукт, а не медичний засіб. Перевіряйте склад і персональну переносимість.', null, 'aloe', 'https://aloe-hub.flpuretail.com/uk/catalog/product/296/', 'SKU 815 • База для aloe-first рутини', 'SKU 815', true, ARRAY['hydration','aloe','daily-routine']::text[]),
  ('storefront-8154', 'combo_packs', 'Квартет Класика', null, 'Квартет Класика як готовий wellness-набір для структурованого старту або перезапуску рутини.', null, 'Обирайте як структурований wellness-формат для старту або перезапуску щоденної рутини без медичних очікувань.', null, 'Набори поєднують кілька wellness-продуктів. Перевіряйте склад кожної позиції та обирайте формат, який підходить саме вам.', null, 'pack', 'https://aloe-hub.flpuretail.com/uk/catalog/product/297/', 'SKU 8154 • Готовий набір для структурованої рутини', 'SKU 8154', true, ARRAY['combo','daily-routine','self-care']::text[]),
  ('storefront-821', 'aloe_drinks', 'Енергетичний напій FAB', null, 'Енергетичний напій FAB для щоденного водного ритму та aloe-first wellness-звичок.', null, 'Використовуйте як частину збалансованої daily wellness-рутини разом із водою та комфортним режимом дня.', null, 'Це wellness-продукт, а не медичний засіб. Перевіряйте склад і персональну переносимість.', null, 'berry', 'https://aloe-hub.flpuretail.com/uk/catalog/product/269/', 'SKU 821 • Напій для aloe-first рутини', 'SKU 821', true, ARRAY['hydration','aloe','daily-routine']::text[]),
  ('storefront-822', 'aloe_drinks', 'FAB X нуль калорій без цукру', null, 'FAB X нуль калорій без цукру для щоденного водного ритму та aloe-first wellness-звичок.', null, 'Використовуйте як частину збалансованої daily wellness-рутини разом із водою та комфортним режимом дня.', null, 'Це wellness-продукт, а не медичний засіб. Перевіряйте склад і персональну переносимість.', null, 'berry', 'https://aloe-hub.flpuretail.com/uk/catalog/product/268/', 'SKU 822 • Напій для aloe-first рутини', 'SKU 822', true, ARRAY['hydration','aloe','daily-routine']::text[]),
  ('storefront-8234', 'combo_packs', 'Квартет Мікс', null, 'Квартет Мікс як готовий wellness-набір для структурованого старту або перезапуску рутини.', null, 'Обирайте як структурований wellness-формат для старту або перезапуску щоденної рутини без медичних очікувань.', null, 'Набори поєднують кілька wellness-продуктів. Перевіряйте склад кожної позиції та обирайте формат, який підходить саме вам.', null, 'pack', 'https://aloe-hub.flpuretail.com/uk/catalog/product/298/', 'SKU 8234 • Готовий набір для структурованої рутини', 'SKU 8234', true, ARRAY['combo','daily-routine','self-care']::text[]),
  ('aloe-berry-nectar', 'aloe_drinks', 'Форевер Алое Ягідний Нектар', 'Aloe Berry Nectar', 'Форевер Алое Ягідний Нектар для щоденного водного ритму та aloe-first wellness-звичок.', null, 'Використовуйте як частину збалансованої daily wellness-рутини разом із водою та комфортним режимом дня.', null, 'Це wellness-продукт, а не медичний засіб. Перевіряйте склад і персональну переносимість.', null, 'berry', 'https://aloe-hub.flpuretail.com/uk/catalog/product/292/', 'SKU 834 • Ягідний aloe-формат', 'SKU 834', true, ARRAY['hydration','aloe','beauty']::text[]),
  ('storefront-8344', 'combo_packs', 'Квартет Нектар', null, 'Квартет Нектар як готовий wellness-набір для структурованого старту або перезапуску рутини.', null, 'Обирайте як структурований wellness-формат для старту або перезапуску щоденної рутини без медичних очікувань.', null, 'Набори поєднують кілька wellness-продуктів. Перевіряйте склад кожної позиції та обирайте формат, який підходить саме вам.', null, 'pack', 'https://aloe-hub.flpuretail.com/uk/catalog/product/293/', 'SKU 8344 • Готовий набір для структурованої рутини', 'SKU 8344', true, ARRAY['combo','daily-routine','self-care']::text[]),
  ('storefront-836', 'aloe_drinks', 'Форевер Алое-Манго', null, 'Форевер Алое-Манго для щоденного водного ритму та aloe-first wellness-звичок.', null, 'Використовуйте як частину збалансованої daily wellness-рутини разом із водою та комфортним режимом дня.', null, 'Це wellness-продукт, а не медичний засіб. Перевіряйте склад і персональну переносимість.', null, 'berry', 'https://aloe-hub.flpuretail.com/uk/catalog/product/284/', 'SKU 836 • Напій для aloe-first рутини', 'SKU 836', true, ARRAY['hydration','aloe','daily-routine']::text[]),
  ('storefront-8364', 'combo_packs', 'Квартет Манго (ПЕТ)', null, 'Квартет Манго (ПЕТ) як готовий wellness-набір для структурованого старту або перезапуску рутини.', null, 'Обирайте як структурований wellness-формат для старту або перезапуску щоденної рутини без медичних очікувань.', null, 'Набори поєднують кілька wellness-продуктів. Перевіряйте склад кожної позиції та обирайте формат, який підходить саме вам.', null, 'pack', 'https://aloe-hub.flpuretail.com/uk/catalog/product/285/', 'SKU 8364 • Готовий набір для структурованої рутини', 'SKU 8364', true, ARRAY['combo','daily-routine','self-care']::text[]),
  ('aloe-bits-n-peaches', 'aloe_drinks', 'Форевер Гель Алое з Персиком', 'Aloe Bits N''Peaches', 'Форевер Гель Алое з Персиком для щоденного водного ритму та aloe-first wellness-звичок.', null, 'Використовуйте як частину збалансованої daily wellness-рутини разом із водою та комфортним режимом дня.', null, 'Це wellness-продукт, а не медичний засіб. Перевіряйте склад і персональну переносимість.', null, 'berry', 'https://aloe-hub.flpuretail.com/uk/catalog/product/294/', 'SKU 877 • Напій для aloe-first рутини', 'SKU 877', false, ARRAY['hydration','aloe','beauty']::text[]),
  ('storefront-8774', 'combo_packs', 'Квартет Персик', null, 'Квартет Персик як готовий wellness-набір для структурованого старту або перезапуску рутини.', null, 'Обирайте як структурований wellness-формат для старту або перезапуску щоденної рутини без медичних очікувань.', null, 'Набори поєднують кілька wellness-продуктів. Перевіряйте склад кожної позиції та обирайте формат, який підходить саме вам.', null, 'pack', 'https://aloe-hub.flpuretail.com/uk/catalog/product/295/', 'SKU 8774 • Готовий набір для структурованої рутини', 'SKU 8774', true, ARRAY['combo','daily-routine','self-care']::text[])
on conflict (id) do update
set
  category_id = excluded.category_id,
  title_uk = excluded.title_uk,
  title_en = excluded.title_en,
  short_description_uk = excluded.short_description_uk,
  short_description_en = excluded.short_description_en,
  usage_notes_uk = excluded.usage_notes_uk,
  usage_notes_en = excluded.usage_notes_en,
  caution_notes_uk = excluded.caution_notes_uk,
  caution_notes_en = excluded.caution_notes_en,
  image_token = excluded.image_token,
  external_product_url = excluded.external_product_url,
  highlight_uk = excluded.highlight_uk,
  highlight_en = excluded.highlight_en,
  is_featured = excluded.is_featured,
  wellness_tags = excluded.wellness_tags;

delete from public.product_tag_links where product_id = any(ARRAY['storefront-2','storefront-4','storefront-5','aloe-lips','forever-bee-pollen','forever-bee-propolis','forever-bright-toothgel','storefront-28s','forever-royal-jelly','nature-min','aloe-first','forever-absorbent-c','aloe-propolis-creme','aloe-vera-gelly','aloe-moisturizing-lotion','aloe-heat-lotion','forever-garlic-thyme','aloe-ever-shield-deodorant-stick','storefront-68','gentlemans-pride','forever-garcinia-plus','storefront-72','storefront-1572','storefront-1575','storefront-1577','storefront-1585','forever-b12-plus','aloe-blossom-herbal-tea','aloe-msm-gel','forever-calcium','forever-bee-honey','forever-multi-maca','forever-aloe-scrub','forever-active-ha','avocado-face-body-soap','forever-lean','cardio-health','forever-kids','forever-immublend','vitolize-men','vitolize-women','forever-arctic-sea','forever-daily','storefront-456','storefront-457','storefront-458','storefront-459','storefront-463','storefront-464','forever-lite-ultra-vanilla','forever-lite-ultra-chocolate','forever-argi-plus','storefront-475','storefront-476','storefront-520','storefront-551','storefront-553','storefront-554','storefront-555','storefront-556','storefront-558','storefront-559','forever-alluring-eyes','storefront-564','storefront-566','forever-active-probiotic','aloe-activator','storefront-613','storefront-618','storefront-622','forever-vision','storefront-625','aloe-liquid-soap','aloe-jojoba-shampoo','aloe-jojoba-conditioning-rinse','storefront-642','storefront-643','storefront-644','storefront-645','storefront-646','storefront-647','storefront-650','aloe-deep-moisturizing-cream','mask-powder','storefront-653','storefront-656','storefront-659','storefront-664','storefront-665','storefront-667','storefront-668','storefront-669','storefront-672','storefront-673','storefront-676','storefront-67610','storefront-677','aloe-vera-gel','storefront-8154','storefront-821','storefront-822','storefront-8234','aloe-berry-nectar','storefront-8344','storefront-836','storefront-8364','aloe-bits-n-peaches','storefront-8774']::text[]);

insert into public.product_tag_links (product_id, tag_id)
select
  tagged.product_id,
  tags.id
from (
  values
    ('storefront-2', 'combo'),
    ('storefront-2', 'daily-routine'),
    ('storefront-2', 'self-care'),
    ('storefront-4', 'combo'),
    ('storefront-4', 'daily-routine'),
    ('storefront-4', 'self-care'),
    ('storefront-5', 'combo'),
    ('storefront-5', 'daily-routine'),
    ('storefront-5', 'self-care'),
    ('aloe-lips', 'self-care'),
    ('aloe-lips', 'daily-routine'),
    ('aloe-lips', 'beauty'),
    ('forever-bee-pollen', 'bee'),
    ('forever-bee-pollen', 'energy'),
    ('forever-bee-pollen', 'nutrition'),
    ('forever-bee-propolis', 'bee'),
    ('forever-bee-propolis', 'balance'),
    ('forever-bee-propolis', 'daily-routine'),
    ('forever-bright-toothgel', 'self-care'),
    ('forever-bright-toothgel', 'daily-routine'),
    ('forever-bright-toothgel', 'beauty'),
    ('storefront-28s', 'self-care'),
    ('storefront-28s', 'daily-routine'),
    ('storefront-28s', 'beauty'),
    ('forever-royal-jelly', 'bee'),
    ('forever-royal-jelly', 'energy'),
    ('forever-royal-jelly', 'balance'),
    ('nature-min', 'nutrition'),
    ('nature-min', 'balance'),
    ('nature-min', 'daily-routine'),
    ('aloe-first', 'self-care'),
    ('aloe-first', 'skin'),
    ('aloe-first', 'balance'),
    ('forever-absorbent-c', 'nutrition'),
    ('forever-absorbent-c', 'balance'),
    ('forever-absorbent-c', 'daily-routine'),
    ('aloe-propolis-creme', 'beauty'),
    ('aloe-propolis-creme', 'skin'),
    ('aloe-propolis-creme', 'self-care'),
    ('aloe-vera-gelly', 'beauty'),
    ('aloe-vera-gelly', 'skin'),
    ('aloe-vera-gelly', 'self-care'),
    ('aloe-moisturizing-lotion', 'beauty'),
    ('aloe-moisturizing-lotion', 'skin'),
    ('aloe-moisturizing-lotion', 'self-care'),
    ('aloe-heat-lotion', 'self-care'),
    ('aloe-heat-lotion', 'balance'),
    ('aloe-heat-lotion', 'daily-routine'),
    ('forever-garlic-thyme', 'balance'),
    ('forever-garlic-thyme', 'nutrition'),
    ('forever-garlic-thyme', 'daily-routine'),
    ('aloe-ever-shield-deodorant-stick', 'self-care'),
    ('aloe-ever-shield-deodorant-stick', 'daily-routine'),
    ('aloe-ever-shield-deodorant-stick', 'beauty'),
    ('storefront-68', 'nutrition'),
    ('storefront-68', 'balance'),
    ('storefront-68', 'energy'),
    ('gentlemans-pride', 'self-care'),
    ('gentlemans-pride', 'beauty'),
    ('gentlemans-pride', 'daily-routine'),
    ('forever-garcinia-plus', 'healthy-routine'),
    ('forever-garcinia-plus', 'balance'),
    ('forever-garcinia-plus', 'nutrition'),
    ('storefront-72', 'nutrition'),
    ('storefront-72', 'balance'),
    ('storefront-72', 'energy'),
    ('storefront-1572', 'combo'),
    ('storefront-1572', 'daily-routine'),
    ('storefront-1572', 'self-care'),
    ('storefront-1575', 'combo'),
    ('storefront-1575', 'daily-routine'),
    ('storefront-1575', 'self-care'),
    ('storefront-1577', 'combo'),
    ('storefront-1577', 'daily-routine'),
    ('storefront-1577', 'self-care'),
    ('storefront-1585', 'combo'),
    ('storefront-1585', 'daily-routine'),
    ('storefront-1585', 'self-care'),
    ('forever-b12-plus', 'energy'),
    ('forever-b12-plus', 'focus'),
    ('forever-b12-plus', 'nutrition'),
    ('aloe-blossom-herbal-tea', 'hydration'),
    ('aloe-blossom-herbal-tea', 'balance'),
    ('aloe-blossom-herbal-tea', 'daily-routine'),
    ('aloe-msm-gel', 'beauty'),
    ('aloe-msm-gel', 'skin'),
    ('aloe-msm-gel', 'self-care'),
    ('forever-calcium', 'nutrition'),
    ('forever-calcium', 'balance'),
    ('forever-calcium', 'daily-routine'),
    ('forever-bee-honey', 'bee'),
    ('forever-bee-honey', 'nutrition'),
    ('forever-bee-honey', 'daily-routine'),
    ('forever-multi-maca', 'energy'),
    ('forever-multi-maca', 'nutrition'),
    ('forever-multi-maca', 'balance'),
    ('forever-aloe-scrub', 'beauty'),
    ('forever-aloe-scrub', 'skin'),
    ('forever-aloe-scrub', 'self-care'),
    ('forever-active-ha', 'balance'),
    ('forever-active-ha', 'self-care'),
    ('forever-active-ha', 'nutrition'),
    ('avocado-face-body-soap', 'self-care'),
    ('avocado-face-body-soap', 'daily-routine'),
    ('avocado-face-body-soap', 'beauty'),
    ('forever-lean', 'healthy-routine'),
    ('forever-lean', 'nutrition'),
    ('forever-lean', 'energy'),
    ('cardio-health', 'balance'),
    ('cardio-health', 'energy'),
    ('cardio-health', 'daily-routine'),
    ('forever-kids', 'nutrition'),
    ('forever-kids', 'balance'),
    ('forever-kids', 'daily-routine'),
    ('forever-immublend', 'balance'),
    ('forever-immublend', 'nutrition'),
    ('forever-immublend', 'daily-routine'),
    ('vitolize-men', 'balance'),
    ('vitolize-men', 'self-care'),
    ('vitolize-men', 'nutrition'),
    ('vitolize-women', 'balance'),
    ('vitolize-women', 'self-care'),
    ('vitolize-women', 'beauty'),
    ('forever-arctic-sea', 'nutrition'),
    ('forever-arctic-sea', 'balance'),
    ('forever-arctic-sea', 'daily-routine'),
    ('forever-daily', 'nutrition'),
    ('forever-daily', 'balance'),
    ('forever-daily', 'daily-routine'),
    ('storefront-456', 'combo'),
    ('storefront-456', 'daily-routine'),
    ('storefront-456', 'self-care'),
    ('storefront-457', 'combo'),
    ('storefront-457', 'daily-routine'),
    ('storefront-457', 'self-care'),
    ('storefront-458', 'combo'),
    ('storefront-458', 'daily-routine'),
    ('storefront-458', 'self-care'),
    ('storefront-459', 'combo'),
    ('storefront-459', 'daily-routine'),
    ('storefront-459', 'self-care'),
    ('storefront-463', 'nutrition'),
    ('storefront-463', 'balance'),
    ('storefront-463', 'energy'),
    ('storefront-464', 'nutrition'),
    ('storefront-464', 'balance'),
    ('storefront-464', 'energy'),
    ('forever-lite-ultra-vanilla', 'nutrition'),
    ('forever-lite-ultra-vanilla', 'energy'),
    ('forever-lite-ultra-vanilla', 'healthy-routine'),
    ('forever-lite-ultra-chocolate', 'nutrition'),
    ('forever-lite-ultra-chocolate', 'energy'),
    ('forever-lite-ultra-chocolate', 'healthy-routine'),
    ('forever-argi-plus', 'energy'),
    ('forever-argi-plus', 'focus'),
    ('forever-argi-plus', 'nutrition'),
    ('storefront-475', 'combo'),
    ('storefront-475', 'daily-routine'),
    ('storefront-475', 'self-care'),
    ('storefront-476', 'combo'),
    ('storefront-476', 'daily-routine'),
    ('storefront-476', 'self-care'),
    ('storefront-520', 'nutrition'),
    ('storefront-520', 'balance'),
    ('storefront-520', 'energy'),
    ('storefront-551', 'nutrition'),
    ('storefront-551', 'balance'),
    ('storefront-551', 'energy'),
    ('storefront-553', 'beauty'),
    ('storefront-553', 'skin'),
    ('storefront-553', 'self-care'),
    ('storefront-554', 'beauty'),
    ('storefront-554', 'skin'),
    ('storefront-554', 'self-care'),
    ('storefront-555', 'beauty'),
    ('storefront-555', 'skin'),
    ('storefront-555', 'self-care'),
    ('storefront-556', 'beauty'),
    ('storefront-556', 'skin'),
    ('storefront-556', 'self-care'),
    ('storefront-558', 'beauty'),
    ('storefront-558', 'skin'),
    ('storefront-558', 'self-care'),
    ('storefront-559', 'beauty'),
    ('storefront-559', 'skin'),
    ('storefront-559', 'self-care'),
    ('forever-alluring-eyes', 'beauty'),
    ('forever-alluring-eyes', 'skin'),
    ('forever-alluring-eyes', 'self-care'),
    ('storefront-564', 'self-care'),
    ('storefront-564', 'beauty'),
    ('storefront-564', 'daily-routine'),
    ('storefront-566', 'nutrition'),
    ('storefront-566', 'balance'),
    ('storefront-566', 'energy'),
    ('forever-active-probiotic', 'balance'),
    ('forever-active-probiotic', 'nutrition'),
    ('forever-active-probiotic', 'daily-routine'),
    ('aloe-activator', 'beauty'),
    ('aloe-activator', 'skin'),
    ('aloe-activator', 'self-care'),
    ('storefront-613', 'nutrition'),
    ('storefront-613', 'balance'),
    ('storefront-613', 'energy'),
    ('storefront-618', 'beauty'),
    ('storefront-618', 'skin'),
    ('storefront-618', 'self-care'),
    ('storefront-622', 'nutrition'),
    ('storefront-622', 'balance'),
    ('storefront-622', 'energy'),
    ('forever-vision', 'focus'),
    ('forever-vision', 'balance'),
    ('forever-vision', 'nutrition'),
    ('storefront-625', 'combo'),
    ('storefront-625', 'daily-routine'),
    ('storefront-625', 'self-care'),
    ('aloe-liquid-soap', 'self-care'),
    ('aloe-liquid-soap', 'daily-routine'),
    ('aloe-liquid-soap', 'beauty'),
    ('aloe-jojoba-shampoo', 'self-care'),
    ('aloe-jojoba-shampoo', 'beauty'),
    ('aloe-jojoba-shampoo', 'balance'),
    ('aloe-jojoba-conditioning-rinse', 'self-care'),
    ('aloe-jojoba-conditioning-rinse', 'beauty'),
    ('aloe-jojoba-conditioning-rinse', 'balance'),
    ('storefront-642', 'self-care'),
    ('storefront-642', 'beauty'),
    ('storefront-642', 'balance'),
    ('storefront-643', 'self-care'),
    ('storefront-643', 'beauty'),
    ('storefront-644', 'self-care'),
    ('storefront-644', 'beauty'),
    ('storefront-645', 'beauty'),
    ('storefront-645', 'skin'),
    ('storefront-645', 'self-care'),
    ('storefront-646', 'self-care'),
    ('storefront-646', 'beauty'),
    ('storefront-646', 'daily-routine'),
    ('storefront-647', 'self-care'),
    ('storefront-647', 'beauty'),
    ('storefront-647', 'daily-routine'),
    ('storefront-650', 'beauty'),
    ('storefront-650', 'skin'),
    ('storefront-650', 'self-care'),
    ('aloe-deep-moisturizing-cream', 'beauty'),
    ('aloe-deep-moisturizing-cream', 'skin'),
    ('aloe-deep-moisturizing-cream', 'self-care'),
    ('mask-powder', 'beauty'),
    ('mask-powder', 'skin'),
    ('mask-powder', 'self-care'),
    ('storefront-653', 'beauty'),
    ('storefront-653', 'skin'),
    ('storefront-653', 'self-care'),
    ('storefront-656', 'nutrition'),
    ('storefront-656', 'balance'),
    ('storefront-656', 'energy'),
    ('storefront-659', 'combo'),
    ('storefront-659', 'daily-routine'),
    ('storefront-659', 'self-care'),
    ('storefront-664', 'beauty'),
    ('storefront-664', 'skin'),
    ('storefront-664', 'self-care'),
    ('storefront-665', 'nutrition'),
    ('storefront-665', 'balance'),
    ('storefront-665', 'energy'),
    ('storefront-667', 'beauty'),
    ('storefront-667', 'skin'),
    ('storefront-667', 'self-care'),
    ('storefront-668', 'beauty'),
    ('storefront-668', 'skin'),
    ('storefront-668', 'self-care'),
    ('storefront-669', 'beauty'),
    ('storefront-669', 'skin'),
    ('storefront-669', 'self-care'),
    ('storefront-672', 'nutrition'),
    ('storefront-672', 'balance'),
    ('storefront-672', 'energy'),
    ('storefront-673', 'beauty'),
    ('storefront-673', 'skin'),
    ('storefront-673', 'self-care'),
    ('storefront-676', 'nutrition'),
    ('storefront-676', 'balance'),
    ('storefront-676', 'energy'),
    ('storefront-67610', 'nutrition'),
    ('storefront-67610', 'balance'),
    ('storefront-67610', 'energy'),
    ('storefront-677', 'beauty'),
    ('storefront-677', 'skin'),
    ('storefront-677', 'self-care'),
    ('aloe-vera-gel', 'hydration'),
    ('aloe-vera-gel', 'aloe'),
    ('aloe-vera-gel', 'daily-routine'),
    ('storefront-8154', 'combo'),
    ('storefront-8154', 'daily-routine'),
    ('storefront-8154', 'self-care'),
    ('storefront-821', 'hydration'),
    ('storefront-821', 'aloe'),
    ('storefront-821', 'daily-routine'),
    ('storefront-822', 'hydration'),
    ('storefront-822', 'aloe'),
    ('storefront-822', 'daily-routine'),
    ('storefront-8234', 'combo'),
    ('storefront-8234', 'daily-routine'),
    ('storefront-8234', 'self-care'),
    ('aloe-berry-nectar', 'hydration'),
    ('aloe-berry-nectar', 'aloe'),
    ('aloe-berry-nectar', 'beauty'),
    ('storefront-8344', 'combo'),
    ('storefront-8344', 'daily-routine'),
    ('storefront-8344', 'self-care'),
    ('storefront-836', 'hydration'),
    ('storefront-836', 'aloe'),
    ('storefront-836', 'daily-routine'),
    ('storefront-8364', 'combo'),
    ('storefront-8364', 'daily-routine'),
    ('storefront-8364', 'self-care'),
    ('aloe-bits-n-peaches', 'hydration'),
    ('aloe-bits-n-peaches', 'aloe'),
    ('aloe-bits-n-peaches', 'beauty'),
    ('storefront-8774', 'combo'),
    ('storefront-8774', 'daily-routine'),
    ('storefront-8774', 'self-care')
) as tagged(product_id, tag_slug)
join public.product_tags tags on tags.slug = tagged.tag_slug
on conflict (product_id, tag_id) do nothing;

insert into public.plans (plan_code, title_uk, description_uk, duration_days, goal_keys, is_active)
values
  ('hydration-7', '7-денний перезапуск гідратації', 'М''який план з фокусом на водному ритмі, щоденних звичках і короткому вечірньому check-in.', 7, ARRAY['hydration_support']::text[], true),
  ('balance-14', '14-денний ритм балансу', 'Послідовний план для комфортного ритму дня, базових wellness-звичок і стабільної self-care підтримки.', 14, ARRAY['daily_wellness_routine','energy_support','healthy_routine_support']::text[], true),
  ('glow-21', '21-денний ритуал сяйва', 'М''яка програма з фокусом на гідратації, догляді за собою та щоденній турботі про шкіру.', 21, ARRAY['beauty_skin_support','hydration_support','consistency_self_care']::text[], true)
on conflict (plan_code) do update
set
  title_uk = excluded.title_uk,
  description_uk = excluded.description_uk,
  duration_days = excluded.duration_days,
  goal_keys = excluded.goal_keys,
  is_active = excluded.is_active;

insert into public.plan_days (
  plan_code,
  day_number,
  title_uk,
  hydration_task_uk,
  wellness_action_uk,
  journal_prompt_uk,
  checklist_labels_uk,
  suggested_product_ids
)
values
  ('hydration-7', 1, 'День 1', 'Поставте пляшку води поруч і тримайте ритм маленькими ковтками.', 'Почніть день зі склянки води та короткого налаштування на ритм дня.', 'Що сьогодні дало вам найбільше відчуття стабільності?', '["Досягти водної цілі дня","Виконати одну wellness-дію дня","Заповнити короткий вечірній check-in"]'::jsonb, ARRAY['aloe-vera-gel','storefront-8154']::text[]),
  ('hydration-7', 2, 'День 2', 'Звертайте увагу на воду в першій половині дня.', 'Додайте 10 хвилин легкої прогулянки або розтяжки після обіду.', 'Що варто спростити завтра, щоб залишитися в ритмі?', '["Досягти водної цілі дня","Виконати одну wellness-дію дня","Заповнити короткий вечірній check-in"]'::jsonb, ARRAY['aloe-berry-nectar','storefront-8344']::text[]),
  ('balance-14', 1, 'День 1', 'Почніть зі склянки води та комфортного темпу першої половини дня.', 'Заплануйте один спокійний прийом їжі без поспіху та екранів.', 'Яка звичка сьогодні спрацювала найпростіше?', '["Досягти водної цілі дня","Виконати одну wellness-дію дня","Заповнити короткий вечірній check-in"]'::jsonb, ARRAY['forever-lite-ultra-vanilla','aloe-vera-gel']::text[]),
  ('balance-14', 2, 'День 2', 'Налаштуйте дві точки нагадування про воду до вечора.', 'Зробіть паузу на 3 глибокі вдихи перед головною справою дня.', 'Коли сьогодні вам було найкомфортніше фізично?', '["Досягти водної цілі дня","Виконати одну wellness-дію дня","Заповнити короткий вечірній check-in"]'::jsonb, ARRAY['storefront-464','forever-bee-pollen']::text[]),
  ('glow-21', 1, 'День 1', 'Тримайте біля себе воду й зверніть увагу на відчуття шкіри та комфорту.', 'Влаштуйте один маленький self-care ритуал увечері.', 'Який настрій ви хочете перенести у завтрашній день?', '["Досягти водної цілі дня","Виконати одну wellness-дію дня","Заповнити короткий вечірній check-in"]'::jsonb, ARRAY['aloe-propolis-creme','storefront-553']::text[]),
  ('glow-21', 2, 'День 2', 'Слідкуйте за рівним споживанням води впродовж дня.', 'Перевірте, чи є у вас під рукою пляшка води на другу половину дня.', 'Що ви хочете повторити завтра без зайвого тиску?', '["Досягти водної цілі дня","Виконати одну wellness-дію дня","Заповнити короткий вечірній check-in"]'::jsonb, ARRAY['storefront-667','storefront-673']::text[])
on conflict (plan_code, day_number) do update
set
  title_uk = excluded.title_uk,
  hydration_task_uk = excluded.hydration_task_uk,
  wellness_action_uk = excluded.wellness_action_uk,
  journal_prompt_uk = excluded.journal_prompt_uk,
  checklist_labels_uk = excluded.checklist_labels_uk,
  suggested_product_ids = excluded.suggested_product_ids;

insert into public.app_config (key, value, is_active)
values
  ('shop_base_url', '"https://aloe-hub.flpuretail.com/uk/"'::jsonb, true),
  ('support_email', '"ranskijoo@gmail.com"'::jsonb, true),
  ('enable_ai_coach', 'false'::jsonb, true),
  ('highlight_message', '"Рухайтесь у власному темпі: вода, сон і спокійний щоденний ритм."'::jsonb, true)
on conflict (key) do update
set
  value = excluded.value,
  is_active = excluded.is_active;
